[main] - 2026-09-09 23:55:37,790  INFO  c.a.chat.storage.ChatStorageFactory - Creating ChatStorageProvider for: H2 Database
[main] - 2026-09-09 23:55:37,797  INFO  c.a.chat.storage.ChatStorageFactory - [SQL] Using H2 Database: url=jdbc:h2:mem:health_test
[main] - 2026-09-09 23:55:37,808  INFO  c.a.c.s.p.SqlChatStorageProvider - [SQL] Creating DataSource for H2 Database: url=jdbc:h2:mem:health_test
[main] - 2026-09-09 23:55:37,815  INFO  com.zaxxer.hikari.HikariDataSource - chat-storage-h2 - Starting...
[main] - 2026-09-09 23:55:38,171  INFO  com.zaxxer.hikari.pool.HikariPool - chat-storage-h2 - Added connection conn0: url=jdbc:h2:mem:health_test user=
[main] - 2026-09-09 23:55:38,177  INFO  com.zaxxer.hikari.HikariDataSource - chat-storage-h2 - Start completed.
[main] - 2026-09-09 23:55:38,178  INFO  c.a.c.s.p.SqlChatStorageProvider - [SQL] Initializing schema for H2 Database
[main] - 2026-09-09 23:55:38,203  ERROR c.a.c.s.p.SqlChatStorageProvider - [SQL] Failed to initialize schema
org.h2.jdbc.JdbcSQLNonTransientException: Unknown data type: "IDX_MESSAGES_CONVERSATION"; SQL statement:
CREATE TABLE IF NOT EXISTS chat_messages (  id VARCHAR(64) PRIMARY KEY,  conversation_id VARCHAR(64) NOT NULL,  sender_id VARCHAR(64) NOT NULL,  sender_email VARCHAR(255),  sender_name VARCHAR(255),  receiver_id VARCHAR(64) NOT NULL,  receiver_email VARCHAR(255),  content TEXT NOT NULL,  message_type VARCHAR(32) DEFAULT 'TEXT',  media_url TEXT,  media_mime_type VARCHAR(128),  media_size BIGINT,  is_read BOOLEAN DEFAULT false,  read_at TIMESTAMP,  status VARCHAR(32) DEFAULT 'SENT',  is_deleted BOOLEAN DEFAULT false,  created_at TIMESTAMP DEFAULT CURRENT_TIMESTAMP,  updated_at TIMESTAMP DEFAULT CURRENT_TIMESTAMP,  metadata TEXT,  tenant_id VARCHAR(64),  INDEX idx_messages_conversation (conversation_id),  INDEX idx_messages_sender (sender_id),  INDEX idx_messages_receiver (receiver_id),  INDEX idx_messages_unread (receiver_id, is_read),  INDEX idx_messages_created (created_at)) [50004-232]
	at org.h2.message.DbException.getJdbcSQLException(DbException.java:566)
	at org.h2.message.DbException.getJdbcSQLException(DbException.java:489)
	at org.h2.message.DbException.get(DbException.java:223)
	at org.h2.message.DbException.get(DbException.java:199)
	at org.h2.command.Parser.readIfDataType1(Parser.java:5860)
	at org.h2.command.Parser.readIfDataType(Parser.java:5698)
	at org.h2.command.Parser.parseColumnWithType(Parser.java:5680)
	at org.h2.command.Parser.parseColumnForTable(Parser.java:5559)
	at org.h2.command.Parser.parseTableColumnDefinition(Parser.java:8876)
	at org.h2.command.Parser.parseCreateTable(Parser.java:8819)
	at org.h2.command.Parser.parseCreate(Parser.java:6398)
	at org.h2.command.Parser.parsePrepared(Parser.java:645)
	at org.h2.command.Parser.parse(Parser.java:581)
	at org.h2.command.Parser.parse(Parser.java:556)
	at org.h2.command.Parser.prepareCommand(Parser.java:484)
	at org.h2.engine.SessionLocal.prepareLocal(SessionLocal.java:645)
	at org.h2.engine.SessionLocal.prepareCommand(SessionLocal.java:561)
	at org.h2.jdbc.JdbcConnection.prepareCommand(JdbcConnection.java:1164)
	at org.h2.jdbc.JdbcStatement.executeUpdateInternal(JdbcStatement.java:190)
	at org.h2.jdbc.JdbcStatement.executeUpdate(JdbcStatement.java:147)
	at com.zaxxer.hikari.pool.ProxyStatement.executeUpdate(ProxyStatement.java:120)
	at com.zaxxer.hikari.pool.HikariProxyStatement.executeUpdate(HikariProxyStatement.java)
	at com.ayush.chat.storage.provider.SqlChatStorageProvider.initializeSchema(SqlChatStorageProvider.java:519)
	at com.ayush.chat.storage.provider.SqlChatStorageProvider.<init>(SqlChatStorageProvider.java:37)
	at com.ayush.chat.storage.ChatStorageFactory.createProvider(ChatStorageFactory.java:60)
	at java.base/java.util.concurrent.ConcurrentHashMap.computeIfAbsent(ConcurrentHashMap.java:1708)
	at com.ayush.chat.storage.ChatStorageFactory.getProvider(ChatStorageFactory.java:48)
	at com.ayush.chat.storage.ChatStorageFactory.getProvider(ChatStorageFactory.java:40)
	at com.ayush.chat.storage.ChatStorageFactoryTest.h2ProviderShouldBeHealthy(ChatStorageFactoryTest.java:270)
	at java.base/jdk.internal.reflect.NativeMethodAccessorImpl.invoke0(Native Method)
	at java.base/jdk.internal.reflect.NativeMethodAccessorImpl.invoke(NativeMethodAccessorImpl.java:77)
	at java.base/jdk.internal.reflect.DelegatingMethodAccessorImpl.invoke(DelegatingMethodAccessorImpl.java:43)
	at java.base/java.lang.reflect.Method.invoke(Method.java:568)
	at org.junit.platform.commons.util.ReflectionUtils.invokeMethod(ReflectionUtils.java:775)
	at org.junit.platform.commons.support.ReflectionSupport.invokeMethod(ReflectionSupport.java:479)
	at org.junit.jupiter.engine.execution.MethodInvocation.proceed(MethodInvocation.java:60)
	at org.junit.jupiter.engine.execution.InvocationInterceptorChain$ValidatingInvocation.proceed(InvocationInterceptorChain.java:131)
	at org.junit.jupiter.engine.extension.TimeoutExtension.intercept(TimeoutExtension.java:161)
	at org.junit.jupiter.engine.extension.TimeoutExtension.interceptTestableMethod(TimeoutExtension.java:152)
	at org.junit.jupiter.engine.extension.TimeoutExtension.interceptTestMethod(TimeoutExtension.java:91)
	at org.junit.jupiter.engine.execution.InterceptingExecutableInvoker$ReflectiveInterceptorCall.lambda$ofVoidMethod$0(InterceptingExecutableInvoker.java:112)
	at org.junit.jupiter.engine.execution.InterceptingExecutableInvoker.lambda$invoke$0(InterceptingExecutableInvoker.java:94)
	at org.junit.jupiter.engine.execution.InvocationInterceptorChain$InterceptedInvocation.proceed(InvocationInterceptorChain.java:106)
	at org.junit.jupiter.engine.execution.InvocationInterceptorChain.proceed(InvocationInterceptorChain.java:64)
	at org.junit.jupiter.engine.execution.InvocationInterceptorChain.chainAndInvoke(InvocationInterceptorChain.java:45)
	at org.junit.jupiter.engine.execution.InvocationInterceptorChain.invoke(InvocationInterceptorChain.java:37)
	at org.junit.jupiter.engine.execution.InterceptingExecutableInvoker.invoke(InterceptingExecutableInvoker.java:93)
	at org.junit.jupiter.engine.execution.InterceptingExecutableInvoker.invoke(InterceptingExecutableInvoker.java:87)
	at org.junit.jupiter.engine.descriptor.TestMethodTestDescriptor.lambda$invokeTestMethod$7(TestMethodTestDescriptor.java:216)
	at org.junit.platform.engine.support.hierarchical.ThrowableCollector.execute(ThrowableCollector.java:73)
	at org.junit.jupiter.engine.descriptor.TestMethodTestDescriptor.invokeTestMethod(TestMethodTestDescriptor.java:212)
	at org.junit.jupiter.engine.descriptor.TestMethodTestDescriptor.execute(TestMethodTestDescriptor.java:137)
	at org.junit.jupiter.engine.descriptor.TestMethodTestDescriptor.execute(TestMethodTestDescriptor.java:69)
	at org.junit.platform.engine.support.hierarchical.NodeTestTask.lambda$executeRecursively$6(NodeTestTask.java:156)
	at org.junit.platform.engine.support.hierarchical.ThrowableCollector.execute(ThrowableCollector.java:73)
	at org.junit.platform.engine.support.hierarchical.NodeTestTask.lambda$executeRecursively$8(NodeTestTask.java:146)
	at org.junit.platform.engine.support.hierarchical.Node.around(Node.java:137)
	at org.junit.platform.engine.support.hierarchical.NodeTestTask.lambda$executeRecursively$9(NodeTestTask.java:144)
	at org.junit.platform.engine.support.hierarchical.ThrowableCollector.execute(ThrowableCollector.java:73)
	at org.junit.platform.engine.support.hierarchical.NodeTestTask.executeRecursively(NodeTestTask.java:143)
	at org.junit.platform.engine.support.hierarchical.NodeTestTask.execute(NodeTestTask.java:100)
	at java.base/java.util.ArrayList.forEach(ArrayList.java:1511)
	at org.junit.platform.engine.support.hierarchical.SameThreadHierarchicalTestExecutorService.invokeAll(SameThreadHierarchicalTestExecutorService.java:41)
	at org.junit.platform.engine.support.hierarchical.NodeTestTask.lambda$executeRecursively$6(NodeTestTask.java:160)
	at org.junit.platform.engine.support.hierarchical.ThrowableCollector.execute(ThrowableCollector.java:73)
	at org.junit.platform.engine.support.hierarchical.NodeTestTask.lambda$executeRecursively$8(NodeTestTask.java:146)
	at org.junit.platform.engine.support.hierarchical.Node.around(Node.java:137)
	at org.junit.platform.engine.support.hierarchical.NodeTestTask.lambda$executeRecursively$9(NodeTestTask.java:144)
	at org.junit.platform.engine.support.hierarchical.ThrowableCollector.execute(ThrowableCollector.java:73)
	at org.junit.platform.engine.support.hierarchical.NodeTestTask.executeRecursively(NodeTestTask.java:143)
	at org.junit.platform.engine.support.hierarchical.NodeTestTask.execute(NodeTestTask.java:100)
	at java.base/java.util.ArrayList.forEach(ArrayList.java:1511)
	at org.junit.platform.engine.support.hierarchical.SameThreadHierarchicalTestExecutorService.invokeAll(SameThreadHierarchicalTestExecutorService.java:41)
	at org.junit.platform.engine.support.hierarchical.NodeTestTask.lambda$executeRecursively$6(NodeTestTask.java:160)
	at org.junit.platform.engine.support.hierarchical.ThrowableCollector.execute(ThrowableCollector.java:73)
	at org.junit.platform.engine.support.hierarchical.NodeTestTask.lambda$executeRecursively$8(NodeTestTask.java:146)
	at org.junit.platform.engine.support.hierarchical.Node.around(Node.java:137)
	at org.junit.platform.engine.support.hierarchical.NodeTestTask.lambda$executeRecursively$9(NodeTestTask.java:144)
	at org.junit.platform.engine.support.hierarchical.ThrowableCollector.execute(ThrowableCollector.java:73)
	at org.junit.platform.engine.support.hierarchical.NodeTestTask.executeRecursively(NodeTestTask.java:143)
	at org.junit.platform.engine.support.hierarchical.NodeTestTask.execute(NodeTestTask.java:100)
	at org.junit.platform.engine.support.hierarchical.SameThreadHierarchicalTestExecutorService.submit(SameThreadHierarchicalTestExecutorService.java:35)
	at org.junit.platform.engine.support.hierarchical.HierarchicalTestExecutor.execute(HierarchicalTestExecutor.java:57)
	at org.junit.platform.engine.support.hierarchical.HierarchicalTestEngine.execute(HierarchicalTestEngine.java:54)
	at org.junit.platform.launcher.core.EngineExecutionOrchestrator.execute(EngineExecutionOrchestrator.java:201)
	at org.junit.platform.launcher.core.EngineExecutionOrchestrator.execute(EngineExecutionOrchestrator.java:170)
	at org.junit.platform.launcher.core.EngineExecutionOrchestrator.execute(EngineExecutionOrchestrator.java:94)
	at org.junit.platform.launcher.core.EngineExecutionOrchestrator.lambda$execute$0(EngineExecutionOrchestrator.java:59)
	at org.junit.platform.launcher.core.EngineExecutionOrchestrator.withInterceptedStreams(EngineExecutionOrchestrator.java:142)
	at org.junit.platform.launcher.core.EngineExecutionOrchestrator.execute(EngineExecutionOrchestrator.java:58)
	at org.junit.platform.launcher.core.DefaultLauncher.execute(DefaultLauncher.java:103)
	at org.junit.platform.launcher.core.DefaultLauncher.execute(DefaultLauncher.java:85)
	at org.junit.platform.launcher.core.DelegatingLauncher.execute(DelegatingLauncher.java:47)
	at org.junit.platform.launcher.core.InterceptingLauncher.lambda$execute$1(InterceptingLauncher.java:39)
	at org.junit.platform.launcher.core.ClasspathAlignmentCheckingLauncherInterceptor.intercept(ClasspathAlignmentCheckingLauncherInterceptor.java:25)
	at org.junit.platform.launcher.core.InterceptingLauncher.execute(InterceptingLauncher.java:38)
	at org.junit.platform.launcher.core.DelegatingLauncher.execute(DelegatingLauncher.java:47)
	at org.apache.maven.surefire.junitplatform.LazyLauncher.execute(LazyLauncher.java:56)
	at org.apache.maven.surefire.junitplatform.JUnitPlatformProvider.execute(JUnitPlatformProvider.java:194)
	at org.apache.maven.surefire.junitplatform.JUnitPlatformProvider.invokeAllTests(JUnitPlatformProvider.java:150)
	at org.apache.maven.surefire.junitplatform.JUnitPlatformProvider.invoke(JUnitPlatformProvider.java:124)
	at org.apache.maven.surefire.booter.ForkedBooter.runSuitesInProcess(ForkedBooter.java:385)
	at org.apache.maven.surefire.booter.ForkedBooter.execute(ForkedBooter.java:162)
	at org.apache.maven.surefire.booter.ForkedBooter.run(ForkedBooter.java:507)
	at org.apache.maven.surefire.booter.ForkedBooter.main(ForkedBooter.java:495)
[main] - 2026-09-09 23:55:38,234  INFO  c.a.chat.storage.ChatStorageFactory - Creating ChatStorageProvider for: H2 Database
[main] - 2026-09-09 23:55:38,239  INFO  c.a.chat.storage.ChatStorageFactory - [SQL] Using H2 Database: url=jdbc:h2:mem:test_factory
[main] - 2026-09-09 23:55:38,239  INFO  c.a.c.s.p.SqlChatStorageProvider - [SQL] Creating DataSource for H2 Database: url=jdbc:h2:mem:test_factory
[main] - 2026-09-09 23:55:38,239  INFO  com.zaxxer.hikari.HikariDataSource - chat-storage-h2 - Starting...
[main] - 2026-09-09 23:55:38,243  INFO  com.zaxxer.hikari.pool.HikariPool - chat-storage-h2 - Added connection conn1: url=jdbc:h2:mem:test_factory user=
[main] - 2026-09-09 23:55:38,243  INFO  com.zaxxer.hikari.HikariDataSource - chat-storage-h2 - Start completed.
[main] - 2026-09-09 23:55:38,243  INFO  c.a.c.s.p.SqlChatStorageProvider - [SQL] Initializing schema for H2 Database
[main] - 2026-09-09 23:55:38,244  ERROR c.a.c.s.p.SqlChatStorageProvider - [SQL] Failed to initialize schema
org.h2.jdbc.JdbcSQLNonTransientException: Unknown data type: "IDX_MESSAGES_CONVERSATION"; SQL statement:
CREATE TABLE IF NOT EXISTS chat_messages (  id VARCHAR(64) PRIMARY KEY,  conversation_id VARCHAR(64) NOT NULL,  sender_id VARCHAR(64) NOT NULL,  sender_email VARCHAR(255),  sender_name VARCHAR(255),  receiver_id VARCHAR(64) NOT NULL,  receiver_email VARCHAR(255),  content TEXT NOT NULL,  message_type VARCHAR(32) DEFAULT 'TEXT',  media_url TEXT,  media_mime_type VARCHAR(128),  media_size BIGINT,  is_read BOOLEAN DEFAULT false,  read_at TIMESTAMP,  status VARCHAR(32) DEFAULT 'SENT',  is_deleted BOOLEAN DEFAULT false,  created_at TIMESTAMP DEFAULT CURRENT_TIMESTAMP,  updated_at TIMESTAMP DEFAULT CURRENT_TIMESTAMP,  metadata TEXT,  tenant_id VARCHAR(64),  INDEX idx_messages_conversation (conversation_id),  INDEX idx_messages_sender (sender_id),  INDEX idx_messages_receiver (receiver_id),  INDEX idx_messages_unread (receiver_id, is_read),  INDEX idx_messages_created (created_at)) [50004-232]
	at org.h2.message.DbException.getJdbcSQLException(DbException.java:566)
	at org.h2.message.DbException.getJdbcSQLException(DbException.java:489)
	at org.h2.message.DbException.get(DbException.java:223)
	at org.h2.message.DbException.get(DbException.java:199)
	at org.h2.command.Parser.readIfDataType1(Parser.java:5860)
	at org.h2.command.Parser.readIfDataType(Parser.java:5698)
	at org.h2.command.Parser.parseColumnWithType(Parser.java:5680)
	at org.h2.command.Parser.parseColumnForTable(Parser.java:5559)
	at org.h2.command.Parser.parseTableColumnDefinition(Parser.java:8876)
	at org.h2.command.Parser.parseCreateTable(Parser.java:8819)
	at org.h2.command.Parser.parseCreate(Parser.java:6398)
	at org.h2.command.Parser.parsePrepared(Parser.java:645)
	at org.h2.command.Parser.parse(Parser.java:581)
	at org.h2.command.Parser.parse(Parser.java:556)
	at org.h2.command.Parser.prepareCommand(Parser.java:484)
	at org.h2.engine.SessionLocal.prepareLocal(SessionLocal.java:645)
	at org.h2.engine.SessionLocal.prepareCommand(SessionLocal.java:561)
	at org.h2.jdbc.JdbcConnection.prepareCommand(JdbcConnection.java:1164)
	at org.h2.jdbc.JdbcStatement.executeUpdateInternal(JdbcStatement.java:190)
	at org.h2.jdbc.JdbcStatement.executeUpdate(JdbcStatement.java:147)
	at com.zaxxer.hikari.pool.ProxyStatement.executeUpdate(ProxyStatement.java:120)
	at com.zaxxer.hikari.pool.HikariProxyStatement.executeUpdate(HikariProxyStatement.java)
	at com.ayush.chat.storage.provider.SqlChatStorageProvider.initializeSchema(SqlChatStorageProvider.java:519)
	at com.ayush.chat.storage.provider.SqlChatStorageProvider.<init>(SqlChatStorageProvider.java:37)
	at com.ayush.chat.storage.ChatStorageFactory.createProvider(ChatStorageFactory.java:60)
	at java.base/java.util.concurrent.ConcurrentHashMap.computeIfAbsent(ConcurrentHashMap.java:1708)
	at com.ayush.chat.storage.ChatStorageFactory.getProvider(ChatStorageFactory.java:48)
	at com.ayush.chat.storage.ChatStorageFactory.getProvider(ChatStorageFactory.java:40)
	at com.ayush.chat.storage.ChatStorageFactoryTest.shouldCreateH2Provider(ChatStorageFactoryTest.java:41)
	at java.base/jdk.internal.reflect.NativeMethodAccessorImpl.invoke0(Native Method)
	at java.base/jdk.internal.reflect.NativeMethodAccessorImpl.invoke(NativeMethodAccessorImpl.java:77)
	at java.base/jdk.internal.reflect.DelegatingMethodAccessorImpl.invoke(DelegatingMethodAccessorImpl.java:43)
	at java.base/java.lang.reflect.Method.invoke(Method.java:568)
	at org.junit.platform.commons.util.ReflectionUtils.invokeMethod(ReflectionUtils.java:775)
	at org.junit.platform.commons.support.ReflectionSupport.invokeMethod(ReflectionSupport.java:479)
	at org.junit.jupiter.engine.execution.MethodInvocation.proceed(MethodInvocation.java:60)
	at org.junit.jupiter.engine.execution.InvocationInterceptorChain$ValidatingInvocation.proceed(InvocationInterceptorChain.java:131)
	at org.junit.jupiter.engine.extension.TimeoutExtension.intercept(TimeoutExtension.java:161)
	at org.junit.jupiter.engine.extension.TimeoutExtension.interceptTestableMethod(TimeoutExtension.java:152)
	at org.junit.jupiter.engine.extension.TimeoutExtension.interceptTestMethod(TimeoutExtension.java:91)
	at org.junit.jupiter.engine.execution.InterceptingExecutableInvoker$ReflectiveInterceptorCall.lambda$ofVoidMethod$0(InterceptingExecutableInvoker.java:112)
	at org.junit.jupiter.engine.execution.InterceptingExecutableInvoker.lambda$invoke$0(InterceptingExecutableInvoker.java:94)
	at org.junit.jupiter.engine.execution.InvocationInterceptorChain$InterceptedInvocation.proceed(InvocationInterceptorChain.java:106)
	at org.junit.jupiter.engine.execution.InvocationInterceptorChain.proceed(InvocationInterceptorChain.java:64)
	at org.junit.jupiter.engine.execution.InvocationInterceptorChain.chainAndInvoke(InvocationInterceptorChain.java:45)
	at org.junit.jupiter.engine.execution.InvocationInterceptorChain.invoke(InvocationInterceptorChain.java:37)
	at org.junit.jupiter.engine.execution.InterceptingExecutableInvoker.invoke(InterceptingExecutableInvoker.java:93)
	at org.junit.jupiter.engine.execution.InterceptingExecutableInvoker.invoke(InterceptingExecutableInvoker.java:87)
	at org.junit.jupiter.engine.descriptor.TestMethodTestDescriptor.lambda$invokeTestMethod$7(TestMethodTestDescriptor.java:216)
	at org.junit.platform.engine.support.hierarchical.ThrowableCollector.execute(ThrowableCollector.java:73)
	at org.junit.jupiter.engine.descriptor.TestMethodTestDescriptor.invokeTestMethod(TestMethodTestDescriptor.java:212)
	at org.junit.jupiter.engine.descriptor.TestMethodTestDescriptor.execute(TestMethodTestDescriptor.java:137)
	at org.junit.jupiter.engine.descriptor.TestMethodTestDescriptor.execute(TestMethodTestDescriptor.java:69)
	at org.junit.platform.engine.support.hierarchical.NodeTestTask.lambda$executeRecursively$6(NodeTestTask.java:156)
	at org.junit.platform.engine.support.hierarchical.ThrowableCollector.execute(ThrowableCollector.java:73)
	at org.junit.platform.engine.support.hierarchical.NodeTestTask.lambda$executeRecursively$8(NodeTestTask.java:146)
	at org.junit.platform.engine.support.hierarchical.Node.around(Node.java:137)
	at org.junit.platform.engine.support.hierarchical.NodeTestTask.lambda$executeRecursively$9(NodeTestTask.java:144)
	at org.junit.platform.engine.support.hierarchical.ThrowableCollector.execute(ThrowableCollector.java:73)
	at org.junit.platform.engine.support.hierarchical.NodeTestTask.executeRecursively(NodeTestTask.java:143)
	at org.junit.platform.engine.support.hierarchical.NodeTestTask.execute(NodeTestTask.java:100)
	at java.base/java.util.ArrayList.forEach(ArrayList.java:1511)
	at org.junit.platform.engine.support.hierarchical.SameThreadHierarchicalTestExecutorService.invokeAll(SameThreadHierarchicalTestExecutorService.java:41)
	at org.junit.platform.engine.support.hierarchical.NodeTestTask.lambda$executeRecursively$6(NodeTestTask.java:160)
	at org.junit.platform.engine.support.hierarchical.ThrowableCollector.execute(ThrowableCollector.java:73)
	at org.junit.platform.engine.support.hierarchical.NodeTestTask.lambda$executeRecursively$8(NodeTestTask.java:146)
	at org.junit.platform.engine.support.hierarchical.Node.around(Node.java:137)
	at org.junit.platform.engine.support.hierarchical.NodeTestTask.lambda$executeRecursively$9(NodeTestTask.java:144)
	at org.junit.platform.engine.support.hierarchical.ThrowableCollector.execute(ThrowableCollector.java:73)
	at org.junit.platform.engine.support.hierarchical.NodeTestTask.executeRecursively(NodeTestTask.java:143)
	at org.junit.platform.engine.support.hierarchical.NodeTestTask.execute(NodeTestTask.java:100)
	at java.base/java.util.ArrayList.forEach(ArrayList.java:1511)
	at org.junit.platform.engine.support.hierarchical.SameThreadHierarchicalTestExecutorService.invokeAll(SameThreadHierarchicalTestExecutorService.java:41)
	at org.junit.platform.engine.support.hierarchical.NodeTestTask.lambda$executeRecursively$6(NodeTestTask.java:160)
	at org.junit.platform.engine.support.hierarchical.ThrowableCollector.execute(ThrowableCollector.java:73)
	at org.junit.platform.engine.support.hierarchical.NodeTestTask.lambda$executeRecursively$8(NodeTestTask.java:146)
	at org.junit.platform.engine.support.hierarchical.Node.around(Node.java:137)
	at org.junit.platform.engine.support.hierarchical.NodeTestTask.lambda$executeRecursively$9(NodeTestTask.java:144)
	at org.junit.platform.engine.support.hierarchical.ThrowableCollector.execute(ThrowableCollector.java:73)
	at org.junit.platform.engine.support.hierarchical.NodeTestTask.executeRecursively(NodeTestTask.java:143)
	at org.junit.platform.engine.support.hierarchical.NodeTestTask.execute(NodeTestTask.java:100)
	at org.junit.platform.engine.support.hierarchical.SameThreadHierarchicalTestExecutorService.submit(SameThreadHierarchicalTestExecutorService.java:35)
	at org.junit.platform.engine.support.hierarchical.HierarchicalTestExecutor.execute(HierarchicalTestExecutor.java:57)
	at org.junit.platform.engine.support.hierarchical.HierarchicalTestEngine.execute(HierarchicalTestEngine.java:54)
	at org.junit.platform.launcher.core.EngineExecutionOrchestrator.execute(EngineExecutionOrchestrator.java:201)
	at org.junit.platform.launcher.core.EngineExecutionOrchestrator.execute(EngineExecutionOrchestrator.java:170)
	at org.junit.platform.launcher.core.EngineExecutionOrchestrator.execute(EngineExecutionOrchestrator.java:94)
	at org.junit.platform.launcher.core.EngineExecutionOrchestrator.lambda$execute$0(EngineExecutionOrchestrator.java:59)
	at org.junit.platform.launcher.core.EngineExecutionOrchestrator.withInterceptedStreams(EngineExecutionOrchestrator.java:142)
	at org.junit.platform.launcher.core.EngineExecutionOrchestrator.execute(EngineExecutionOrchestrator.java:58)
	at org.junit.platform.launcher.core.DefaultLauncher.execute(DefaultLauncher.java:103)
	at org.junit.platform.launcher.core.DefaultLauncher.execute(DefaultLauncher.java:85)
	at org.junit.platform.launcher.core.DelegatingLauncher.execute(DelegatingLauncher.java:47)
	at org.junit.platform.launcher.core.InterceptingLauncher.lambda$execute$1(InterceptingLauncher.java:39)
	at org.junit.platform.launcher.core.ClasspathAlignmentCheckingLauncherInterceptor.intercept(ClasspathAlignmentCheckingLauncherInterceptor.java:25)
	at org.junit.platform.launcher.core.InterceptingLauncher.execute(InterceptingLauncher.java:38)
	at org.junit.platform.launcher.core.DelegatingLauncher.execute(DelegatingLauncher.java:47)
	at org.apache.maven.surefire.junitplatform.LazyLauncher.execute(LazyLauncher.java:56)
	at org.apache.maven.surefire.junitplatform.JUnitPlatformProvider.execute(JUnitPlatformProvider.java:194)
	at org.apache.maven.surefire.junitplatform.JUnitPlatformProvider.invokeAllTests(JUnitPlatformProvider.java:150)
	at org.apache.maven.surefire.junitplatform.JUnitPlatformProvider.invoke(JUnitPlatformProvider.java:124)
	at org.apache.maven.surefire.booter.ForkedBooter.runSuitesInProcess(ForkedBooter.java:385)
	at org.apache.maven.surefire.booter.ForkedBooter.execute(ForkedBooter.java:162)
	at org.apache.maven.surefire.booter.ForkedBooter.run(ForkedBooter.java:507)
	at org.apache.maven.surefire.booter.ForkedBooter.main(ForkedBooter.java:495)
[main] - 2026-09-09 23:55:38,249  INFO  c.a.chat.storage.ChatStorageFactory - Creating ChatStorageProvider for: H2 Database
[main] - 2026-09-09 23:55:38,249  INFO  c.a.chat.storage.ChatStorageFactory - [SQL] Using H2 Database: url=jdbc:h2:mem:default_type_test
[main] - 2026-09-09 23:55:38,249  INFO  c.a.c.s.p.SqlChatStorageProvider - [SQL] Creating DataSource for H2 Database: url=jdbc:h2:mem:default_type_test
[main] - 2026-09-09 23:55:38,249  INFO  com.zaxxer.hikari.HikariDataSource - chat-storage-h2 - Starting...
[main] - 2026-09-09 23:55:38,249  INFO  com.zaxxer.hikari.pool.HikariPool - chat-storage-h2 - Added connection conn2: url=jdbc:h2:mem:default_type_test user=
[main] - 2026-09-09 23:55:38,256  INFO  com.zaxxer.hikari.HikariDataSource - chat-storage-h2 - Start completed.
[main] - 2026-09-09 23:55:38,256  INFO  c.a.c.s.p.SqlChatStorageProvider - [SQL] Initializing schema for H2 Database
[main] - 2026-09-09 23:55:38,256  ERROR c.a.c.s.p.SqlChatStorageProvider - [SQL] Failed to initialize schema
org.h2.jdbc.JdbcSQLNonTransientException: Unknown data type: "IDX_MESSAGES_CONVERSATION"; SQL statement:
CREATE TABLE IF NOT EXISTS chat_messages (  id VARCHAR(64) PRIMARY KEY,  conversation_id VARCHAR(64) NOT NULL,  sender_id VARCHAR(64) NOT NULL,  sender_email VARCHAR(255),  sender_name VARCHAR(255),  receiver_id VARCHAR(64) NOT NULL,  receiver_email VARCHAR(255),  content TEXT NOT NULL,  message_type VARCHAR(32) DEFAULT 'TEXT',  media_url TEXT,  media_mime_type VARCHAR(128),  media_size BIGINT,  is_read BOOLEAN DEFAULT false,  read_at TIMESTAMP,  status VARCHAR(32) DEFAULT 'SENT',  is_deleted BOOLEAN DEFAULT false,  created_at TIMESTAMP DEFAULT CURRENT_TIMESTAMP,  updated_at TIMESTAMP DEFAULT CURRENT_TIMESTAMP,  metadata TEXT,  tenant_id VARCHAR(64),  INDEX idx_messages_conversation (conversation_id),  INDEX idx_messages_sender (sender_id),  INDEX idx_messages_receiver (receiver_id),  INDEX idx_messages_unread (receiver_id, is_read),  INDEX idx_messages_created (created_at)) [50004-232]
	at org.h2.message.DbException.getJdbcSQLException(DbException.java:566)
	at org.h2.message.DbException.getJdbcSQLException(DbException.java:489)
	at org.h2.message.DbException.get(DbException.java:223)
	at org.h2.message.DbException.get(DbException.java:199)
	at org.h2.command.Parser.readIfDataType1(Parser.java:5860)
	at org.h2.command.Parser.readIfDataType(Parser.java:5698)
	at org.h2.command.Parser.parseColumnWithType(Parser.java:5680)
	at org.h2.command.Parser.parseColumnForTable(Parser.java:5559)
	at org.h2.command.Parser.parseTableColumnDefinition(Parser.java:8876)
	at org.h2.command.Parser.parseCreateTable(Parser.java:8819)
	at org.h2.command.Parser.parseCreate(Parser.java:6398)
	at org.h2.command.Parser.parsePrepared(Parser.java:645)
	at org.h2.command.Parser.parse(Parser.java:581)
	at org.h2.command.Parser.parse(Parser.java:556)
	at org.h2.command.Parser.prepareCommand(Parser.java:484)
	at org.h2.engine.SessionLocal.prepareLocal(SessionLocal.java:645)
	at org.h2.engine.SessionLocal.prepareCommand(SessionLocal.java:561)
	at org.h2.jdbc.JdbcConnection.prepareCommand(JdbcConnection.java:1164)
	at org.h2.jdbc.JdbcStatement.executeUpdateInternal(JdbcStatement.java:190)
	at org.h2.jdbc.JdbcStatement.executeUpdate(JdbcStatement.java:147)
	at com.zaxxer.hikari.pool.ProxyStatement.executeUpdate(ProxyStatement.java:120)
	at com.zaxxer.hikari.pool.HikariProxyStatement.executeUpdate(HikariProxyStatement.java)
	at com.ayush.chat.storage.provider.SqlChatStorageProvider.initializeSchema(SqlChatStorageProvider.java:519)
	at com.ayush.chat.storage.provider.SqlChatStorageProvider.<init>(SqlChatStorageProvider.java:37)
	at com.ayush.chat.storage.ChatStorageFactory.createProvider(ChatStorageFactory.java:60)
	at java.base/java.util.concurrent.ConcurrentHashMap.computeIfAbsent(ConcurrentHashMap.java:1708)
	at com.ayush.chat.storage.ChatStorageFactory.getProvider(ChatStorageFactory.java:48)
	at com.ayush.chat.storage.ChatStorageFactory.getProvider(ChatStorageFactory.java:40)
	at com.ayush.chat.storage.ChatStorageFactoryTest.getProviderByTypeShouldUseDefaultConfiguredType(ChatStorageFactoryTest.java:111)
	at java.base/jdk.internal.reflect.NativeMethodAccessorImpl.invoke0(Native Method)
	at java.base/jdk.internal.reflect.NativeMethodAccessorImpl.invoke(NativeMethodAccessorImpl.java:77)
	at java.base/jdk.internal.reflect.DelegatingMethodAccessorImpl.invoke(DelegatingMethodAccessorImpl.java:43)
	at java.base/java.lang.reflect.Method.invoke(Method.java:568)
	at org.junit.platform.commons.util.ReflectionUtils.invokeMethod(ReflectionUtils.java:775)
	at org.junit.platform.commons.support.ReflectionSupport.invokeMethod(ReflectionSupport.java:479)
	at org.junit.jupiter.engine.execution.MethodInvocation.proceed(MethodInvocation.java:60)
	at org.junit.jupiter.engine.execution.InvocationInterceptorChain$ValidatingInvocation.proceed(InvocationInterceptorChain.java:131)
	at org.junit.jupiter.engine.extension.TimeoutExtension.intercept(TimeoutExtension.java:161)
	at org.junit.jupiter.engine.extension.TimeoutExtension.interceptTestableMethod(TimeoutExtension.java:152)
	at org.junit.jupiter.engine.extension.TimeoutExtension.interceptTestMethod(TimeoutExtension.java:91)
	at org.junit.jupiter.engine.execution.InterceptingExecutableInvoker$ReflectiveInterceptorCall.lambda$ofVoidMethod$0(InterceptingExecutableInvoker.java:112)
	at org.junit.jupiter.engine.execution.InterceptingExecutableInvoker.lambda$invoke$0(InterceptingExecutableInvoker.java:94)
	at org.junit.jupiter.engine.execution.InvocationInterceptorChain$InterceptedInvocation.proceed(InvocationInterceptorChain.java:106)
	at org.junit.jupiter.engine.execution.InvocationInterceptorChain.proceed(InvocationInterceptorChain.java:64)
	at org.junit.jupiter.engine.execution.InvocationInterceptorChain.chainAndInvoke(InvocationInterceptorChain.java:45)
	at org.junit.jupiter.engine.execution.InvocationInterceptorChain.invoke(InvocationInterceptorChain.java:37)
	at org.junit.jupiter.engine.execution.InterceptingExecutableInvoker.invoke(InterceptingExecutableInvoker.java:93)
	at org.junit.jupiter.engine.execution.InterceptingExecutableInvoker.invoke(InterceptingExecutableInvoker.java:87)
	at org.junit.jupiter.engine.descriptor.TestMethodTestDescriptor.lambda$invokeTestMethod$7(TestMethodTestDescriptor.java:216)
	at org.junit.platform.engine.support.hierarchical.ThrowableCollector.execute(ThrowableCollector.java:73)
	at org.junit.jupiter.engine.descriptor.TestMethodTestDescriptor.invokeTestMethod(TestMethodTestDescriptor.java:212)
	at org.junit.jupiter.engine.descriptor.TestMethodTestDescriptor.execute(TestMethodTestDescriptor.java:137)
	at org.junit.jupiter.engine.descriptor.TestMethodTestDescriptor.execute(TestMethodTestDescriptor.java:69)
	at org.junit.platform.engine.support.hierarchical.NodeTestTask.lambda$executeRecursively$6(NodeTestTask.java:156)
	at org.junit.platform.engine.support.hierarchical.ThrowableCollector.execute(ThrowableCollector.java:73)
	at org.junit.platform.engine.support.hierarchical.NodeTestTask.lambda$executeRecursively$8(NodeTestTask.java:146)
	at org.junit.platform.engine.support.hierarchical.Node.around(Node.java:137)
	at org.junit.platform.engine.support.hierarchical.NodeTestTask.lambda$executeRecursively$9(NodeTestTask.java:144)
	at org.junit.platform.engine.support.hierarchical.ThrowableCollector.execute(ThrowableCollector.java:73)
	at org.junit.platform.engine.support.hierarchical.NodeTestTask.executeRecursively(NodeTestTask.java:143)
	at org.junit.platform.engine.support.hierarchical.NodeTestTask.execute(NodeTestTask.java:100)
	at java.base/java.util.ArrayList.forEach(ArrayList.java:1511)
	at org.junit.platform.engine.support.hierarchical.SameThreadHierarchicalTestExecutorService.invokeAll(SameThreadHierarchicalTestExecutorService.java:41)
	at org.junit.platform.engine.support.hierarchical.NodeTestTask.lambda$executeRecursively$6(NodeTestTask.java:160)
	at org.junit.platform.engine.support.hierarchical.ThrowableCollector.execute(ThrowableCollector.java:73)
	at org.junit.platform.engine.support.hierarchical.NodeTestTask.lambda$executeRecursively$8(NodeTestTask.java:146)
	at org.junit.platform.engine.support.hierarchical.Node.around(Node.java:137)
	at org.junit.platform.engine.support.hierarchical.NodeTestTask.lambda$executeRecursively$9(NodeTestTask.java:144)
	at org.junit.platform.engine.support.hierarchical.ThrowableCollector.execute(ThrowableCollector.java:73)
	at org.junit.platform.engine.support.hierarchical.NodeTestTask.executeRecursively(NodeTestTask.java:143)
	at org.junit.platform.engine.support.hierarchical.NodeTestTask.execute(NodeTestTask.java:100)
	at java.base/java.util.ArrayList.forEach(ArrayList.java:1511)
	at org.junit.platform.engine.support.hierarchical.SameThreadHierarchicalTestExecutorService.invokeAll(SameThreadHierarchicalTestExecutorService.java:41)
	at org.junit.platform.engine.support.hierarchical.NodeTestTask.lambda$executeRecursively$6(NodeTestTask.java:160)
	at org.junit.platform.engine.support.hierarchical.ThrowableCollector.execute(ThrowableCollector.java:73)
	at org.junit.platform.engine.support.hierarchical.NodeTestTask.lambda$executeRecursively$8(NodeTestTask.java:146)
	at org.junit.platform.engine.support.hierarchical.Node.around(Node.java:137)
	at org.junit.platform.engine.support.hierarchical.NodeTestTask.lambda$executeRecursively$9(NodeTestTask.java:144)
	at org.junit.platform.engine.support.hierarchical.ThrowableCollector.execute(ThrowableCollector.java:73)
	at org.junit.platform.engine.support.hierarchical.NodeTestTask.executeRecursively(NodeTestTask.java:143)
	at org.junit.platform.engine.support.hierarchical.NodeTestTask.execute(NodeTestTask.java:100)
	at org.junit.platform.engine.support.hierarchical.SameThreadHierarchicalTestExecutorService.submit(SameThreadHierarchicalTestExecutorService.java:35)
	at org.junit.platform.engine.support.hierarchical.HierarchicalTestExecutor.execute(HierarchicalTestExecutor.java:57)
	at org.junit.platform.engine.support.hierarchical.HierarchicalTestEngine.execute(HierarchicalTestEngine.java:54)
	at org.junit.platform.launcher.core.EngineExecutionOrchestrator.execute(EngineExecutionOrchestrator.java:201)
	at org.junit.platform.launcher.core.EngineExecutionOrchestrator.execute(EngineExecutionOrchestrator.java:170)
	at org.junit.platform.launcher.core.EngineExecutionOrchestrator.execute(EngineExecutionOrchestrator.java:94)
	at org.junit.platform.launcher.core.EngineExecutionOrchestrator.lambda$execute$0(EngineExecutionOrchestrator.java:59)
	at org.junit.platform.launcher.core.EngineExecutionOrchestrator.withInterceptedStreams(EngineExecutionOrchestrator.java:142)
	at org.junit.platform.launcher.core.EngineExecutionOrchestrator.execute(EngineExecutionOrchestrator.java:58)
	at org.junit.platform.launcher.core.DefaultLauncher.execute(DefaultLauncher.java:103)
	at org.junit.platform.launcher.core.DefaultLauncher.execute(DefaultLauncher.java:85)
	at org.junit.platform.launcher.core.DelegatingLauncher.execute(DelegatingLauncher.java:47)
	at org.junit.platform.launcher.core.InterceptingLauncher.lambda$execute$1(InterceptingLauncher.java:39)
	at org.junit.platform.launcher.core.ClasspathAlignmentCheckingLauncherInterceptor.intercept(ClasspathAlignmentCheckingLauncherInterceptor.java:25)
	at org.junit.platform.launcher.core.InterceptingLauncher.execute(InterceptingLauncher.java:38)
	at org.junit.platform.launcher.core.DelegatingLauncher.execute(DelegatingLauncher.java:47)
	at org.apache.maven.surefire.junitplatform.LazyLauncher.execute(LazyLauncher.java:56)
	at org.apache.maven.surefire.junitplatform.JUnitPlatformProvider.execute(JUnitPlatformProvider.java:194)
	at org.apache.maven.surefire.junitplatform.JUnitPlatformProvider.invokeAllTests(JUnitPlatformProvider.java:150)
	at org.apache.maven.surefire.junitplatform.JUnitPlatformProvider.invoke(JUnitPlatformProvider.java:124)
	at org.apache.maven.surefire.booter.ForkedBooter.runSuitesInProcess(ForkedBooter.java:385)
	at org.apache.maven.surefire.booter.ForkedBooter.execute(ForkedBooter.java:162)
	at org.apache.maven.surefire.booter.ForkedBooter.run(ForkedBooter.java:507)
	at org.apache.maven.surefire.booter.ForkedBooter.main(ForkedBooter.java:495)
[main] - 2026-09-09 23:55:38,262  INFO  c.a.chat.storage.ChatStorageFactory - Creating ChatStorageProvider for: H2 Database
[main] - 2026-09-09 23:55:38,262  INFO  c.a.chat.storage.ChatStorageFactory - [SQL] Using H2 Database: url=jdbc:h2:mem:cache_type_test
[main] - 2026-09-09 23:55:38,263  INFO  c.a.c.s.p.SqlChatStorageProvider - [SQL] Creating DataSource for H2 Database: url=jdbc:h2:mem:cache_type_test
[main] - 2026-09-09 23:55:38,263  INFO  com.zaxxer.hikari.HikariDataSource - chat-storage-h2 - Starting...
[main] - 2026-09-09 23:55:38,266  INFO  com.zaxxer.hikari.pool.HikariPool - chat-storage-h2 - Added connection conn3: url=jdbc:h2:mem:cache_type_test user=
[main] - 2026-09-09 23:55:38,267  INFO  com.zaxxer.hikari.HikariDataSource - chat-storage-h2 - Start completed.
[main] - 2026-09-09 23:55:38,267  INFO  c.a.c.s.p.SqlChatStorageProvider - [SQL] Initializing schema for H2 Database
[main] - 2026-09-09 23:55:38,269  ERROR c.a.c.s.p.SqlChatStorageProvider - [SQL] Failed to initialize schema
org.h2.jdbc.JdbcSQLNonTransientException: Unknown data type: "IDX_MESSAGES_CONVERSATION"; SQL statement:
CREATE TABLE IF NOT EXISTS chat_messages (  id VARCHAR(64) PRIMARY KEY,  conversation_id VARCHAR(64) NOT NULL,  sender_id VARCHAR(64) NOT NULL,  sender_email VARCHAR(255),  sender_name VARCHAR(255),  receiver_id VARCHAR(64) NOT NULL,  receiver_email VARCHAR(255),  content TEXT NOT NULL,  message_type VARCHAR(32) DEFAULT 'TEXT',  media_url TEXT,  media_mime_type VARCHAR(128),  media_size BIGINT,  is_read BOOLEAN DEFAULT false,  read_at TIMESTAMP,  status VARCHAR(32) DEFAULT 'SENT',  is_deleted BOOLEAN DEFAULT false,  created_at TIMESTAMP DEFAULT CURRENT_TIMESTAMP,  updated_at TIMESTAMP DEFAULT CURRENT_TIMESTAMP,  metadata TEXT,  tenant_id VARCHAR(64),  INDEX idx_messages_conversation (conversation_id),  INDEX idx_messages_sender (sender_id),  INDEX idx_messages_receiver (receiver_id),  INDEX idx_messages_unread (receiver_id, is_read),  INDEX idx_messages_created (created_at)) [50004-232]
	at org.h2.message.DbException.getJdbcSQLException(DbException.java:566)
	at org.h2.message.DbException.getJdbcSQLException(DbException.java:489)
	at org.h2.message.DbException.get(DbException.java:223)
	at org.h2.message.DbException.get(DbException.java:199)
	at org.h2.command.Parser.readIfDataType1(Parser.java:5860)
	at org.h2.command.Parser.readIfDataType(Parser.java:5698)
	at org.h2.command.Parser.parseColumnWithType(Parser.java:5680)
	at org.h2.command.Parser.parseColumnForTable(Parser.java:5559)
	at org.h2.command.Parser.parseTableColumnDefinition(Parser.java:8876)
	at org.h2.command.Parser.parseCreateTable(Parser.java:8819)
	at org.h2.command.Parser.parseCreate(Parser.java:6398)
	at org.h2.command.Parser.parsePrepared(Parser.java:645)
	at org.h2.command.Parser.parse(Parser.java:581)
	at org.h2.command.Parser.parse(Parser.java:556)
	at org.h2.command.Parser.prepareCommand(Parser.java:484)
	at org.h2.engine.SessionLocal.prepareLocal(SessionLocal.java:645)
	at org.h2.engine.SessionLocal.prepareCommand(SessionLocal.java:561)
	at org.h2.jdbc.JdbcConnection.prepareCommand(JdbcConnection.java:1164)
	at org.h2.jdbc.JdbcStatement.executeUpdateInternal(JdbcStatement.java:190)
	at org.h2.jdbc.JdbcStatement.executeUpdate(JdbcStatement.java:147)
	at com.zaxxer.hikari.pool.ProxyStatement.executeUpdate(ProxyStatement.java:120)
	at com.zaxxer.hikari.pool.HikariProxyStatement.executeUpdate(HikariProxyStatement.java)
	at com.ayush.chat.storage.provider.SqlChatStorageProvider.initializeSchema(SqlChatStorageProvider.java:519)
	at com.ayush.chat.storage.provider.SqlChatStorageProvider.<init>(SqlChatStorageProvider.java:37)
	at com.ayush.chat.storage.ChatStorageFactory.createProvider(ChatStorageFactory.java:60)
	at java.base/java.util.concurrent.ConcurrentHashMap.computeIfAbsent(ConcurrentHashMap.java:1708)
	at com.ayush.chat.storage.ChatStorageFactory.getProvider(ChatStorageFactory.java:48)
	at com.ayush.chat.storage.ChatStorageFactoryTest.shouldReturnSameProviderForSpecificType(ChatStorageFactoryTest.java:98)
	at java.base/jdk.internal.reflect.NativeMethodAccessorImpl.invoke0(Native Method)
	at java.base/jdk.internal.reflect.NativeMethodAccessorImpl.invoke(NativeMethodAccessorImpl.java:77)
	at java.base/jdk.internal.reflect.DelegatingMethodAccessorImpl.invoke(DelegatingMethodAccessorImpl.java:43)
	at java.base/java.lang.reflect.Method.invoke(Method.java:568)
	at org.junit.platform.commons.util.ReflectionUtils.invokeMethod(ReflectionUtils.java:775)
	at org.junit.platform.commons.support.ReflectionSupport.invokeMethod(ReflectionSupport.java:479)
	at org.junit.jupiter.engine.execution.MethodInvocation.proceed(MethodInvocation.java:60)
	at org.junit.jupiter.engine.execution.InvocationInterceptorChain$ValidatingInvocation.proceed(InvocationInterceptorChain.java:131)
	at org.junit.jupiter.engine.extension.TimeoutExtension.intercept(TimeoutExtension.java:161)
	at org.junit.jupiter.engine.extension.TimeoutExtension.interceptTestableMethod(TimeoutExtension.java:152)
	at org.junit.jupiter.engine.extension.TimeoutExtension.interceptTestMethod(TimeoutExtension.java:91)
	at org.junit.jupiter.engine.execution.InterceptingExecutableInvoker$ReflectiveInterceptorCall.lambda$ofVoidMethod$0(InterceptingExecutableInvoker.java:112)
	at org.junit.jupiter.engine.execution.InterceptingExecutableInvoker.lambda$invoke$0(InterceptingExecutableInvoker.java:94)
	at org.junit.jupiter.engine.execution.InvocationInterceptorChain$InterceptedInvocation.proceed(InvocationInterceptorChain.java:106)
	at org.junit.jupiter.engine.execution.InvocationInterceptorChain.proceed(InvocationInterceptorChain.java:64)
	at org.junit.jupiter.engine.execution.InvocationInterceptorChain.chainAndInvoke(InvocationInterceptorChain.java:45)
	at org.junit.jupiter.engine.execution.InvocationInterceptorChain.invoke(InvocationInterceptorChain.java:37)
	at org.junit.jupiter.engine.execution.InterceptingExecutableInvoker.invoke(InterceptingExecutableInvoker.java:93)
	at org.junit.jupiter.engine.execution.InterceptingExecutableInvoker.invoke(InterceptingExecutableInvoker.java:87)
	at org.junit.jupiter.engine.descriptor.TestMethodTestDescriptor.lambda$invokeTestMethod$7(TestMethodTestDescriptor.java:216)
	at org.junit.platform.engine.support.hierarchical.ThrowableCollector.execute(ThrowableCollector.java:73)
	at org.junit.jupiter.engine.descriptor.TestMethodTestDescriptor.invokeTestMethod(TestMethodTestDescriptor.java:212)
	at org.junit.jupiter.engine.descriptor.TestMethodTestDescriptor.execute(TestMethodTestDescriptor.java:137)
	at org.junit.jupiter.engine.descriptor.TestMethodTestDescriptor.execute(TestMethodTestDescriptor.java:69)
	at org.junit.platform.engine.support.hierarchical.NodeTestTask.lambda$executeRecursively$6(NodeTestTask.java:156)
	at org.junit.platform.engine.support.hierarchical.ThrowableCollector.execute(ThrowableCollector.java:73)
	at org.junit.platform.engine.support.hierarchical.NodeTestTask.lambda$executeRecursively$8(NodeTestTask.java:146)
	at org.junit.platform.engine.support.hierarchical.Node.around(Node.java:137)
	at org.junit.platform.engine.support.hierarchical.NodeTestTask.lambda$executeRecursively$9(NodeTestTask.java:144)
	at org.junit.platform.engine.support.hierarchical.ThrowableCollector.execute(ThrowableCollector.java:73)
	at org.junit.platform.engine.support.hierarchical.NodeTestTask.executeRecursively(NodeTestTask.java:143)
	at org.junit.platform.engine.support.hierarchical.NodeTestTask.execute(NodeTestTask.java:100)
	at java.base/java.util.ArrayList.forEach(ArrayList.java:1511)
	at org.junit.platform.engine.support.hierarchical.SameThreadHierarchicalTestExecutorService.invokeAll(SameThreadHierarchicalTestExecutorService.java:41)
	at org.junit.platform.engine.support.hierarchical.NodeTestTask.lambda$executeRecursively$6(NodeTestTask.java:160)
	at org.junit.platform.engine.support.hierarchical.ThrowableCollector.execute(ThrowableCollector.java:73)
	at org.junit.platform.engine.support.hierarchical.NodeTestTask.lambda$executeRecursively$8(NodeTestTask.java:146)
	at org.junit.platform.engine.support.hierarchical.Node.around(Node.java:137)
	at org.junit.platform.engine.support.hierarchical.NodeTestTask.lambda$executeRecursively$9(NodeTestTask.java:144)
	at org.junit.platform.engine.support.hierarchical.ThrowableCollector.execute(ThrowableCollector.java:73)
	at org.junit.platform.engine.support.hierarchical.NodeTestTask.executeRecursively(NodeTestTask.java:143)
	at org.junit.platform.engine.support.hierarchical.NodeTestTask.execute(NodeTestTask.java:100)
	at java.base/java.util.ArrayList.forEach(ArrayList.java:1511)
	at org.junit.platform.engine.support.hierarchical.SameThreadHierarchicalTestExecutorService.invokeAll(SameThreadHierarchicalTestExecutorService.java:41)
	at org.junit.platform.engine.support.hierarchical.NodeTestTask.lambda$executeRecursively$6(NodeTestTask.java:160)
	at org.junit.platform.engine.support.hierarchical.ThrowableCollector.execute(ThrowableCollector.java:73)
	at org.junit.platform.engine.support.hierarchical.NodeTestTask.lambda$executeRecursively$8(NodeTestTask.java:146)
	at org.junit.platform.engine.support.hierarchical.Node.around(Node.java:137)
	at org.junit.platform.engine.support.hierarchical.NodeTestTask.lambda$executeRecursively$9(NodeTestTask.java:144)
	at org.junit.platform.engine.support.hierarchical.ThrowableCollector.execute(ThrowableCollector.java:73)
	at org.junit.platform.engine.support.hierarchical.NodeTestTask.executeRecursively(NodeTestTask.java:143)
	at org.junit.platform.engine.support.hierarchical.NodeTestTask.execute(NodeTestTask.java:100)
	at org.junit.platform.engine.support.hierarchical.SameThreadHierarchicalTestExecutorService.submit(SameThreadHierarchicalTestExecutorService.java:35)
	at org.junit.platform.engine.support.hierarchical.HierarchicalTestExecutor.execute(HierarchicalTestExecutor.java:57)
	at org.junit.platform.engine.support.hierarchical.HierarchicalTestEngine.execute(HierarchicalTestEngine.java:54)
	at org.junit.platform.launcher.core.EngineExecutionOrchestrator.execute(EngineExecutionOrchestrator.java:201)
	at org.junit.platform.launcher.core.EngineExecutionOrchestrator.execute(EngineExecutionOrchestrator.java:170)
	at org.junit.platform.launcher.core.EngineExecutionOrchestrator.execute(EngineExecutionOrchestrator.java:94)
	at org.junit.platform.launcher.core.EngineExecutionOrchestrator.lambda$execute$0(EngineExecutionOrchestrator.java:59)
	at org.junit.platform.launcher.core.EngineExecutionOrchestrator.withInterceptedStreams(EngineExecutionOrchestrator.java:142)
	at org.junit.platform.launcher.core.EngineExecutionOrchestrator.execute(EngineExecutionOrchestrator.java:58)
	at org.junit.platform.launcher.core.DefaultLauncher.execute(DefaultLauncher.java:103)
	at org.junit.platform.launcher.core.DefaultLauncher.execute(DefaultLauncher.java:85)
	at org.junit.platform.launcher.core.DelegatingLauncher.execute(DelegatingLauncher.java:47)
	at org.junit.platform.launcher.core.InterceptingLauncher.lambda$execute$1(InterceptingLauncher.java:39)
	at org.junit.platform.launcher.core.ClasspathAlignmentCheckingLauncherInterceptor.intercept(ClasspathAlignmentCheckingLauncherInterceptor.java:25)
	at org.junit.platform.launcher.core.InterceptingLauncher.execute(InterceptingLauncher.java:38)
	at org.junit.platform.launcher.core.DelegatingLauncher.execute(DelegatingLauncher.java:47)
	at org.apache.maven.surefire.junitplatform.LazyLauncher.execute(LazyLauncher.java:56)
	at org.apache.maven.surefire.junitplatform.JUnitPlatformProvider.execute(JUnitPlatformProvider.java:194)
	at org.apache.maven.surefire.junitplatform.JUnitPlatformProvider.invokeAllTests(JUnitPlatformProvider.java:150)
	at org.apache.maven.surefire.junitplatform.JUnitPlatformProvider.invoke(JUnitPlatformProvider.java:124)
	at org.apache.maven.surefire.booter.ForkedBooter.runSuitesInProcess(ForkedBooter.java:385)
	at org.apache.maven.surefire.booter.ForkedBooter.execute(ForkedBooter.java:162)
	at org.apache.maven.surefire.booter.ForkedBooter.run(ForkedBooter.java:507)
	at org.apache.maven.surefire.booter.ForkedBooter.main(ForkedBooter.java:495)
[main] - 2026-09-09 23:55:38,273  INFO  c.a.chat.storage.ChatStorageFactory - Creating ChatStorageProvider for: H2 Database
[main] - 2026-09-09 23:55:38,274  INFO  c.a.chat.storage.ChatStorageFactory - [SQL] Using H2 Database: url=jdbc:h2:mem:cache_test
[main] - 2026-09-09 23:55:38,274  INFO  c.a.c.s.p.SqlChatStorageProvider - [SQL] Creating DataSource for H2 Database: url=jdbc:h2:mem:cache_test
[main] - 2026-09-09 23:55:38,275  INFO  com.zaxxer.hikari.HikariDataSource - chat-storage-h2 - Starting...
[main] - 2026-09-09 23:55:38,277  INFO  com.zaxxer.hikari.pool.HikariPool - chat-storage-h2 - Added connection conn4: url=jdbc:h2:mem:cache_test user=
[main] - 2026-09-09 23:55:38,278  INFO  com.zaxxer.hikari.HikariDataSource - chat-storage-h2 - Start completed.
[main] - 2026-09-09 23:55:38,279  INFO  c.a.c.s.p.SqlChatStorageProvider - [SQL] Initializing schema for H2 Database
[main] - 2026-09-09 23:55:38,280  ERROR c.a.c.s.p.SqlChatStorageProvider - [SQL] Failed to initialize schema
org.h2.jdbc.JdbcSQLNonTransientException: Unknown data type: "IDX_MESSAGES_CONVERSATION"; SQL statement:
CREATE TABLE IF NOT EXISTS chat_messages (  id VARCHAR(64) PRIMARY KEY,  conversation_id VARCHAR(64) NOT NULL,  sender_id VARCHAR(64) NOT NULL,  sender_email VARCHAR(255),  sender_name VARCHAR(255),  receiver_id VARCHAR(64) NOT NULL,  receiver_email VARCHAR(255),  content TEXT NOT NULL,  message_type VARCHAR(32) DEFAULT 'TEXT',  media_url TEXT,  media_mime_type VARCHAR(128),  media_size BIGINT,  is_read BOOLEAN DEFAULT false,  read_at TIMESTAMP,  status VARCHAR(32) DEFAULT 'SENT',  is_deleted BOOLEAN DEFAULT false,  created_at TIMESTAMP DEFAULT CURRENT_TIMESTAMP,  updated_at TIMESTAMP DEFAULT CURRENT_TIMESTAMP,  metadata TEXT,  tenant_id VARCHAR(64),  INDEX idx_messages_conversation (conversation_id),  INDEX idx_messages_sender (sender_id),  INDEX idx_messages_receiver (receiver_id),  INDEX idx_messages_unread (receiver_id, is_read),  INDEX idx_messages_created (created_at)) [50004-232]
	at org.h2.message.DbException.getJdbcSQLException(DbException.java:566)
	at org.h2.message.DbException.getJdbcSQLException(DbException.java:489)
	at org.h2.message.DbException.get(DbException.java:223)
	at org.h2.message.DbException.get(DbException.java:199)
	at org.h2.command.Parser.readIfDataType1(Parser.java:5860)
	at org.h2.command.Parser.readIfDataType(Parser.java:5698)
	at org.h2.command.Parser.parseColumnWithType(Parser.java:5680)
	at org.h2.command.Parser.parseColumnForTable(Parser.java:5559)
	at org.h2.command.Parser.parseTableColumnDefinition(Parser.java:8876)
	at org.h2.command.Parser.parseCreateTable(Parser.java:8819)
	at org.h2.command.Parser.parseCreate(Parser.java:6398)
	at org.h2.command.Parser.parsePrepared(Parser.java:645)
	at org.h2.command.Parser.parse(Parser.java:581)
	at org.h2.command.Parser.parse(Parser.java:556)
	at org.h2.command.Parser.prepareCommand(Parser.java:484)
	at org.h2.engine.SessionLocal.prepareLocal(SessionLocal.java:645)
	at org.h2.engine.SessionLocal.prepareCommand(SessionLocal.java:561)
	at org.h2.jdbc.JdbcConnection.prepareCommand(JdbcConnection.java:1164)
	at org.h2.jdbc.JdbcStatement.executeUpdateInternal(JdbcStatement.java:190)
	at org.h2.jdbc.JdbcStatement.executeUpdate(JdbcStatement.java:147)
	at com.zaxxer.hikari.pool.ProxyStatement.executeUpdate(ProxyStatement.java:120)
	at com.zaxxer.hikari.pool.HikariProxyStatement.executeUpdate(HikariProxyStatement.java)
	at com.ayush.chat.storage.provider.SqlChatStorageProvider.initializeSchema(SqlChatStorageProvider.java:519)
	at com.ayush.chat.storage.provider.SqlChatStorageProvider.<init>(SqlChatStorageProvider.java:37)
	at com.ayush.chat.storage.ChatStorageFactory.createProvider(ChatStorageFactory.java:60)
	at java.base/java.util.concurrent.ConcurrentHashMap.computeIfAbsent(ConcurrentHashMap.java:1708)
	at com.ayush.chat.storage.ChatStorageFactory.getProvider(ChatStorageFactory.java:48)
	at com.ayush.chat.storage.ChatStorageFactory.getProvider(ChatStorageFactory.java:40)
	at com.ayush.chat.storage.ChatStorageFactoryTest.shouldReturnSameProviderInstanceOnMultipleCalls(ChatStorageFactoryTest.java:85)
	at java.base/jdk.internal.reflect.NativeMethodAccessorImpl.invoke0(Native Method)
	at java.base/jdk.internal.reflect.NativeMethodAccessorImpl.invoke(NativeMethodAccessorImpl.java:77)
	at java.base/jdk.internal.reflect.DelegatingMethodAccessorImpl.invoke(DelegatingMethodAccessorImpl.java:43)
	at java.base/java.lang.reflect.Method.invoke(Method.java:568)
	at org.junit.platform.commons.util.ReflectionUtils.invokeMethod(ReflectionUtils.java:775)
	at org.junit.platform.commons.support.ReflectionSupport.invokeMethod(ReflectionSupport.java:479)
	at org.junit.jupiter.engine.execution.MethodInvocation.proceed(MethodInvocation.java:60)
	at org.junit.jupiter.engine.execution.InvocationInterceptorChain$ValidatingInvocation.proceed(InvocationInterceptorChain.java:131)
	at org.junit.jupiter.engine.extension.TimeoutExtension.intercept(TimeoutExtension.java:161)
	at org.junit.jupiter.engine.extension.TimeoutExtension.interceptTestableMethod(TimeoutExtension.java:152)
	at org.junit.jupiter.engine.extension.TimeoutExtension.interceptTestMethod(TimeoutExtension.java:91)
	at org.junit.jupiter.engine.execution.InterceptingExecutableInvoker$ReflectiveInterceptorCall.lambda$ofVoidMethod$0(InterceptingExecutableInvoker.java:112)
	at org.junit.jupiter.engine.execution.InterceptingExecutableInvoker.lambda$invoke$0(InterceptingExecutableInvoker.java:94)
	at org.junit.jupiter.engine.execution.InvocationInterceptorChain$InterceptedInvocation.proceed(InvocationInterceptorChain.java:106)
	at org.junit.jupiter.engine.execution.InvocationInterceptorChain.proceed(InvocationInterceptorChain.java:64)
	at org.junit.jupiter.engine.execution.InvocationInterceptorChain.chainAndInvoke(InvocationInterceptorChain.java:45)
	at org.junit.jupiter.engine.execution.InvocationInterceptorChain.invoke(InvocationInterceptorChain.java:37)
	at org.junit.jupiter.engine.execution.InterceptingExecutableInvoker.invoke(InterceptingExecutableInvoker.java:93)
	at org.junit.jupiter.engine.execution.InterceptingExecutableInvoker.invoke(InterceptingExecutableInvoker.java:87)
	at org.junit.jupiter.engine.descriptor.TestMethodTestDescriptor.lambda$invokeTestMethod$7(TestMethodTestDescriptor.java:216)
	at org.junit.platform.engine.support.hierarchical.ThrowableCollector.execute(ThrowableCollector.java:73)
	at org.junit.jupiter.engine.descriptor.TestMethodTestDescriptor.invokeTestMethod(TestMethodTestDescriptor.java:212)
	at org.junit.jupiter.engine.descriptor.TestMethodTestDescriptor.execute(TestMethodTestDescriptor.java:137)
	at org.junit.jupiter.engine.descriptor.TestMethodTestDescriptor.execute(TestMethodTestDescriptor.java:69)
	at org.junit.platform.engine.support.hierarchical.NodeTestTask.lambda$executeRecursively$6(NodeTestTask.java:156)
	at org.junit.platform.engine.support.hierarchical.ThrowableCollector.execute(ThrowableCollector.java:73)
	at org.junit.platform.engine.support.hierarchical.NodeTestTask.lambda$executeRecursively$8(NodeTestTask.java:146)
	at org.junit.platform.engine.support.hierarchical.Node.around(Node.java:137)
	at org.junit.platform.engine.support.hierarchical.NodeTestTask.lambda$executeRecursively$9(NodeTestTask.java:144)
	at org.junit.platform.engine.support.hierarchical.ThrowableCollector.execute(ThrowableCollector.java:73)
	at org.junit.platform.engine.support.hierarchical.NodeTestTask.executeRecursively(NodeTestTask.java:143)
	at org.junit.platform.engine.support.hierarchical.NodeTestTask.execute(NodeTestTask.java:100)
	at java.base/java.util.ArrayList.forEach(ArrayList.java:1511)
	at org.junit.platform.engine.support.hierarchical.SameThreadHierarchicalTestExecutorService.invokeAll(SameThreadHierarchicalTestExecutorService.java:41)
	at org.junit.platform.engine.support.hierarchical.NodeTestTask.lambda$executeRecursively$6(NodeTestTask.java:160)
	at org.junit.platform.engine.support.hierarchical.ThrowableCollector.execute(ThrowableCollector.java:73)
	at org.junit.platform.engine.support.hierarchical.NodeTestTask.lambda$executeRecursively$8(NodeTestTask.java:146)
	at org.junit.platform.engine.support.hierarchical.Node.around(Node.java:137)
	at org.junit.platform.engine.support.hierarchical.NodeTestTask.lambda$executeRecursively$9(NodeTestTask.java:144)
	at org.junit.platform.engine.support.hierarchical.ThrowableCollector.execute(ThrowableCollector.java:73)
	at org.junit.platform.engine.support.hierarchical.NodeTestTask.executeRecursively(NodeTestTask.java:143)
	at org.junit.platform.engine.support.hierarchical.NodeTestTask.execute(NodeTestTask.java:100)
	at java.base/java.util.ArrayList.forEach(ArrayList.java:1511)
	at org.junit.platform.engine.support.hierarchical.SameThreadHierarchicalTestExecutorService.invokeAll(SameThreadHierarchicalTestExecutorService.java:41)
	at org.junit.platform.engine.support.hierarchical.NodeTestTask.lambda$executeRecursively$6(NodeTestTask.java:160)
	at org.junit.platform.engine.support.hierarchical.ThrowableCollector.execute(ThrowableCollector.java:73)
	at org.junit.platform.engine.support.hierarchical.NodeTestTask.lambda$executeRecursively$8(NodeTestTask.java:146)
	at org.junit.platform.engine.support.hierarchical.Node.around(Node.java:137)
	at org.junit.platform.engine.support.hierarchical.NodeTestTask.lambda$executeRecursively$9(NodeTestTask.java:144)
	at org.junit.platform.engine.support.hierarchical.ThrowableCollector.execute(ThrowableCollector.java:73)
	at org.junit.platform.engine.support.hierarchical.NodeTestTask.executeRecursively(NodeTestTask.java:143)
	at org.junit.platform.engine.support.hierarchical.NodeTestTask.execute(NodeTestTask.java:100)
	at org.junit.platform.engine.support.hierarchical.SameThreadHierarchicalTestExecutorService.submit(SameThreadHierarchicalTestExecutorService.java:35)
	at org.junit.platform.engine.support.hierarchical.HierarchicalTestExecutor.execute(HierarchicalTestExecutor.java:57)
	at org.junit.platform.engine.support.hierarchical.HierarchicalTestEngine.execute(HierarchicalTestEngine.java:54)
	at org.junit.platform.launcher.core.EngineExecutionOrchestrator.execute(EngineExecutionOrchestrator.java:201)
	at org.junit.platform.launcher.core.EngineExecutionOrchestrator.execute(EngineExecutionOrchestrator.java:170)
	at org.junit.platform.launcher.core.EngineExecutionOrchestrator.execute(EngineExecutionOrchestrator.java:94)
	at org.junit.platform.launcher.core.EngineExecutionOrchestrator.lambda$execute$0(EngineExecutionOrchestrator.java:59)
	at org.junit.platform.launcher.core.EngineExecutionOrchestrator.withInterceptedStreams(EngineExecutionOrchestrator.java:142)
	at org.junit.platform.launcher.core.EngineExecutionOrchestrator.execute(EngineExecutionOrchestrator.java:58)
	at org.junit.platform.launcher.core.DefaultLauncher.execute(DefaultLauncher.java:103)
	at org.junit.platform.launcher.core.DefaultLauncher.execute(DefaultLauncher.java:85)
	at org.junit.platform.launcher.core.DelegatingLauncher.execute(DelegatingLauncher.java:47)
	at org.junit.platform.launcher.core.InterceptingLauncher.lambda$execute$1(InterceptingLauncher.java:39)
	at org.junit.platform.launcher.core.ClasspathAlignmentCheckingLauncherInterceptor.intercept(ClasspathAlignmentCheckingLauncherInterceptor.java:25)
	at org.junit.platform.launcher.core.InterceptingLauncher.execute(InterceptingLauncher.java:38)
	at org.junit.platform.launcher.core.DelegatingLauncher.execute(DelegatingLauncher.java:47)
	at org.apache.maven.surefire.junitplatform.LazyLauncher.execute(LazyLauncher.java:56)
	at org.apache.maven.surefire.junitplatform.JUnitPlatformProvider.execute(JUnitPlatformProvider.java:194)
	at org.apache.maven.surefire.junitplatform.JUnitPlatformProvider.invokeAllTests(JUnitPlatformProvider.java:150)
	at org.apache.maven.surefire.junitplatform.JUnitPlatformProvider.invoke(JUnitPlatformProvider.java:124)
	at org.apache.maven.surefire.booter.ForkedBooter.runSuitesInProcess(ForkedBooter.java:385)
	at org.apache.maven.surefire.booter.ForkedBooter.execute(ForkedBooter.java:162)
	at org.apache.maven.surefire.booter.ForkedBooter.run(ForkedBooter.java:507)
	at org.apache.maven.surefire.booter.ForkedBooter.main(ForkedBooter.java:495)
[main] - 2026-09-09 23:55:38,286  INFO  c.a.chat.storage.ChatStorageFactory - Creating ChatStorageProvider for: Supabase
[main] - 2026-09-09 23:55:38,289  INFO  c.a.chat.storage.ChatStorageFactory - Creating ChatStorageProvider for: MySQL
[main] - 2026-09-09 23:55:38,292  INFO  c.a.chat.storage.ChatStorageFactory - Creating ChatStorageProvider for: H2 Database
[main] - 2026-09-09 23:55:38,292  INFO  c.a.chat.storage.ChatStorageFactory - [SQL] Using H2 Database: url=jdbc:h2:mem:desc_test
[main] - 2026-09-09 23:55:38,292  INFO  c.a.c.s.p.SqlChatStorageProvider - [SQL] Creating DataSource for H2 Database: url=jdbc:h2:mem:desc_test
[main] - 2026-09-09 23:55:38,293  INFO  com.zaxxer.hikari.HikariDataSource - chat-storage-h2 - Starting...
[main] - 2026-09-09 23:55:38,295  INFO  com.zaxxer.hikari.pool.HikariPool - chat-storage-h2 - Added connection conn6: url=jdbc:h2:mem:desc_test user=
[main] - 2026-09-09 23:55:38,296  INFO  com.zaxxer.hikari.HikariDataSource - chat-storage-h2 - Start completed.
[main] - 2026-09-09 23:55:38,296  INFO  c.a.c.s.p.SqlChatStorageProvider - [SQL] Initializing schema for H2 Database
[main] - 2026-09-09 23:55:38,296  ERROR c.a.c.s.p.SqlChatStorageProvider - [SQL] Failed to initialize schema
org.h2.jdbc.JdbcSQLNonTransientException: Unknown data type: "IDX_MESSAGES_CONVERSATION"; SQL statement:
CREATE TABLE IF NOT EXISTS chat_messages (  id VARCHAR(64) PRIMARY KEY,  conversation_id VARCHAR(64) NOT NULL,  sender_id VARCHAR(64) NOT NULL,  sender_email VARCHAR(255),  sender_name VARCHAR(255),  receiver_id VARCHAR(64) NOT NULL,  receiver_email VARCHAR(255),  content TEXT NOT NULL,  message_type VARCHAR(32) DEFAULT 'TEXT',  media_url TEXT,  media_mime_type VARCHAR(128),  media_size BIGINT,  is_read BOOLEAN DEFAULT false,  read_at TIMESTAMP,  status VARCHAR(32) DEFAULT 'SENT',  is_deleted BOOLEAN DEFAULT false,  created_at TIMESTAMP DEFAULT CURRENT_TIMESTAMP,  updated_at TIMESTAMP DEFAULT CURRENT_TIMESTAMP,  metadata TEXT,  tenant_id VARCHAR(64),  INDEX idx_messages_conversation (conversation_id),  INDEX idx_messages_sender (sender_id),  INDEX idx_messages_receiver (receiver_id),  INDEX idx_messages_unread (receiver_id, is_read),  INDEX idx_messages_created (created_at)) [50004-232]
	at org.h2.message.DbException.getJdbcSQLException(DbException.java:566)
	at org.h2.message.DbException.getJdbcSQLException(DbException.java:489)
	at org.h2.message.DbException.get(DbException.java:223)
	at org.h2.message.DbException.get(DbException.java:199)
	at org.h2.command.Parser.readIfDataType1(Parser.java:5860)
	at org.h2.command.Parser.readIfDataType(Parser.java:5698)
	at org.h2.command.Parser.parseColumnWithType(Parser.java:5680)
	at org.h2.command.Parser.parseColumnForTable(Parser.java:5559)
	at org.h2.command.Parser.parseTableColumnDefinition(Parser.java:8876)
	at org.h2.command.Parser.parseCreateTable(Parser.java:8819)
	at org.h2.command.Parser.parseCreate(Parser.java:6398)
	at org.h2.command.Parser.parsePrepared(Parser.java:645)
	at org.h2.command.Parser.parse(Parser.java:581)
	at org.h2.command.Parser.parse(Parser.java:556)
	at org.h2.command.Parser.prepareCommand(Parser.java:484)
	at org.h2.engine.SessionLocal.prepareLocal(SessionLocal.java:645)
	at org.h2.engine.SessionLocal.prepareCommand(SessionLocal.java:561)
	at org.h2.jdbc.JdbcConnection.prepareCommand(JdbcConnection.java:1164)
	at org.h2.jdbc.JdbcStatement.executeUpdateInternal(JdbcStatement.java:190)
	at org.h2.jdbc.JdbcStatement.executeUpdate(JdbcStatement.java:147)
	at com.zaxxer.hikari.pool.ProxyStatement.executeUpdate(ProxyStatement.java:120)
	at com.zaxxer.hikari.pool.HikariProxyStatement.executeUpdate(HikariProxyStatement.java)
	at com.ayush.chat.storage.provider.SqlChatStorageProvider.initializeSchema(SqlChatStorageProvider.java:519)
	at com.ayush.chat.storage.provider.SqlChatStorageProvider.<init>(SqlChatStorageProvider.java:37)
	at com.ayush.chat.storage.ChatStorageFactory.createProvider(ChatStorageFactory.java:60)
	at java.base/java.util.concurrent.ConcurrentHashMap.computeIfAbsent(ConcurrentHashMap.java:1708)
	at com.ayush.chat.storage.ChatStorageFactory.getProvider(ChatStorageFactory.java:48)
	at com.ayush.chat.storage.ChatStorageFactory.getProvider(ChatStorageFactory.java:40)
	at com.ayush.chat.storage.ChatStorageFactoryTest.h2ProviderShouldHaveCorrectDescription(ChatStorageFactoryTest.java:284)
	at java.base/jdk.internal.reflect.NativeMethodAccessorImpl.invoke0(Native Method)
	at java.base/jdk.internal.reflect.NativeMethodAccessorImpl.invoke(NativeMethodAccessorImpl.java:77)
	at java.base/jdk.internal.reflect.DelegatingMethodAccessorImpl.invoke(DelegatingMethodAccessorImpl.java:43)
	at java.base/java.lang.reflect.Method.invoke(Method.java:568)
	at org.junit.platform.commons.util.ReflectionUtils.invokeMethod(ReflectionUtils.java:775)
	at org.junit.platform.commons.support.ReflectionSupport.invokeMethod(ReflectionSupport.java:479)
	at org.junit.jupiter.engine.execution.MethodInvocation.proceed(MethodInvocation.java:60)
	at org.junit.jupiter.engine.execution.InvocationInterceptorChain$ValidatingInvocation.proceed(InvocationInterceptorChain.java:131)
	at org.junit.jupiter.engine.extension.TimeoutExtension.intercept(TimeoutExtension.java:161)
	at org.junit.jupiter.engine.extension.TimeoutExtension.interceptTestableMethod(TimeoutExtension.java:152)
	at org.junit.jupiter.engine.extension.TimeoutExtension.interceptTestMethod(TimeoutExtension.java:91)
	at org.junit.jupiter.engine.execution.InterceptingExecutableInvoker$ReflectiveInterceptorCall.lambda$ofVoidMethod$0(InterceptingExecutableInvoker.java:112)
	at org.junit.jupiter.engine.execution.InterceptingExecutableInvoker.lambda$invoke$0(InterceptingExecutableInvoker.java:94)
	at org.junit.jupiter.engine.execution.InvocationInterceptorChain$InterceptedInvocation.proceed(InvocationInterceptorChain.java:106)
	at org.junit.jupiter.engine.execution.InvocationInterceptorChain.proceed(InvocationInterceptorChain.java:64)
	at org.junit.jupiter.engine.execution.InvocationInterceptorChain.chainAndInvoke(InvocationInterceptorChain.java:45)
	at org.junit.jupiter.engine.execution.InvocationInterceptorChain.invoke(InvocationInterceptorChain.java:37)
	at org.junit.jupiter.engine.execution.InterceptingExecutableInvoker.invoke(InterceptingExecutableInvoker.java:93)
	at org.junit.jupiter.engine.execution.InterceptingExecutableInvoker.invoke(InterceptingExecutableInvoker.java:87)
	at org.junit.jupiter.engine.descriptor.TestMethodTestDescriptor.lambda$invokeTestMethod$7(TestMethodTestDescriptor.java:216)
	at org.junit.platform.engine.support.hierarchical.ThrowableCollector.execute(ThrowableCollector.java:73)
	at org.junit.jupiter.engine.descriptor.TestMethodTestDescriptor.invokeTestMethod(TestMethodTestDescriptor.java:212)
	at org.junit.jupiter.engine.descriptor.TestMethodTestDescriptor.execute(TestMethodTestDescriptor.java:137)
	at org.junit.jupiter.engine.descriptor.TestMethodTestDescriptor.execute(TestMethodTestDescriptor.java:69)
	at org.junit.platform.engine.support.hierarchical.NodeTestTask.lambda$executeRecursively$6(NodeTestTask.java:156)
	at org.junit.platform.engine.support.hierarchical.ThrowableCollector.execute(ThrowableCollector.java:73)
	at org.junit.platform.engine.support.hierarchical.NodeTestTask.lambda$executeRecursively$8(NodeTestTask.java:146)
	at org.junit.platform.engine.support.hierarchical.Node.around(Node.java:137)
	at org.junit.platform.engine.support.hierarchical.NodeTestTask.lambda$executeRecursively$9(NodeTestTask.java:144)
	at org.junit.platform.engine.support.hierarchical.ThrowableCollector.execute(ThrowableCollector.java:73)
	at org.junit.platform.engine.support.hierarchical.NodeTestTask.executeRecursively(NodeTestTask.java:143)
	at org.junit.platform.engine.support.hierarchical.NodeTestTask.execute(NodeTestTask.java:100)
	at java.base/java.util.ArrayList.forEach(ArrayList.java:1511)
	at org.junit.platform.engine.support.hierarchical.SameThreadHierarchicalTestExecutorService.invokeAll(SameThreadHierarchicalTestExecutorService.java:41)
	at org.junit.platform.engine.support.hierarchical.NodeTestTask.lambda$executeRecursively$6(NodeTestTask.java:160)
	at org.junit.platform.engine.support.hierarchical.ThrowableCollector.execute(ThrowableCollector.java:73)
	at org.junit.platform.engine.support.hierarchical.NodeTestTask.lambda$executeRecursively$8(NodeTestTask.java:146)
	at org.junit.platform.engine.support.hierarchical.Node.around(Node.java:137)
	at org.junit.platform.engine.support.hierarchical.NodeTestTask.lambda$executeRecursively$9(NodeTestTask.java:144)
	at org.junit.platform.engine.support.hierarchical.ThrowableCollector.execute(ThrowableCollector.java:73)
	at org.junit.platform.engine.support.hierarchical.NodeTestTask.executeRecursively(NodeTestTask.java:143)
	at org.junit.platform.engine.support.hierarchical.NodeTestTask.execute(NodeTestTask.java:100)
	at java.base/java.util.ArrayList.forEach(ArrayList.java:1511)
	at org.junit.platform.engine.support.hierarchical.SameThreadHierarchicalTestExecutorService.invokeAll(SameThreadHierarchicalTestExecutorService.java:41)
	at org.junit.platform.engine.support.hierarchical.NodeTestTask.lambda$executeRecursively$6(NodeTestTask.java:160)
	at org.junit.platform.engine.support.hierarchical.ThrowableCollector.execute(ThrowableCollector.java:73)
	at org.junit.platform.engine.support.hierarchical.NodeTestTask.lambda$executeRecursively$8(NodeTestTask.java:146)
	at org.junit.platform.engine.support.hierarchical.Node.around(Node.java:137)
	at org.junit.platform.engine.support.hierarchical.NodeTestTask.lambda$executeRecursively$9(NodeTestTask.java:144)
	at org.junit.platform.engine.support.hierarchical.ThrowableCollector.execute(ThrowableCollector.java:73)
	at org.junit.platform.engine.support.hierarchical.NodeTestTask.executeRecursively(NodeTestTask.java:143)
	at org.junit.platform.engine.support.hierarchical.NodeTestTask.execute(NodeTestTask.java:100)
	at org.junit.platform.engine.support.hierarchical.SameThreadHierarchicalTestExecutorService.submit(SameThreadHierarchicalTestExecutorService.java:35)
	at org.junit.platform.engine.support.hierarchical.HierarchicalTestExecutor.execute(HierarchicalTestExecutor.java:57)
	at org.junit.platform.engine.support.hierarchical.HierarchicalTestEngine.execute(HierarchicalTestEngine.java:54)
	at org.junit.platform.launcher.core.EngineExecutionOrchestrator.execute(EngineExecutionOrchestrator.java:201)
	at org.junit.platform.launcher.core.EngineExecutionOrchestrator.execute(EngineExecutionOrchestrator.java:170)
	at org.junit.platform.launcher.core.EngineExecutionOrchestrator.execute(EngineExecutionOrchestrator.java:94)
	at org.junit.platform.launcher.core.EngineExecutionOrchestrator.lambda$execute$0(EngineExecutionOrchestrator.java:59)
	at org.junit.platform.launcher.core.EngineExecutionOrchestrator.withInterceptedStreams(EngineExecutionOrchestrator.java:142)
	at org.junit.platform.launcher.core.EngineExecutionOrchestrator.execute(EngineExecutionOrchestrator.java:58)
	at org.junit.platform.launcher.core.DefaultLauncher.execute(DefaultLauncher.java:103)
	at org.junit.platform.launcher.core.DefaultLauncher.execute(DefaultLauncher.java:85)
	at org.junit.platform.launcher.core.DelegatingLauncher.execute(DelegatingLauncher.java:47)
	at org.junit.platform.launcher.core.InterceptingLauncher.lambda$execute$1(InterceptingLauncher.java:39)
	at org.junit.platform.launcher.core.ClasspathAlignmentCheckingLauncherInterceptor.intercept(ClasspathAlignmentCheckingLauncherInterceptor.java:25)
	at org.junit.platform.launcher.core.InterceptingLauncher.execute(InterceptingLauncher.java:38)
	at org.junit.platform.launcher.core.DelegatingLauncher.execute(DelegatingLauncher.java:47)
	at org.apache.maven.surefire.junitplatform.LazyLauncher.execute(LazyLauncher.java:56)
	at org.apache.maven.surefire.junitplatform.JUnitPlatformProvider.execute(JUnitPlatformProvider.java:194)
	at org.apache.maven.surefire.junitplatform.JUnitPlatformProvider.invokeAllTests(JUnitPlatformProvider.java:150)
	at org.apache.maven.surefire.junitplatform.JUnitPlatformProvider.invoke(JUnitPlatformProvider.java:124)
	at org.apache.maven.surefire.booter.ForkedBooter.runSuitesInProcess(ForkedBooter.java:385)
	at org.apache.maven.surefire.booter.ForkedBooter.execute(ForkedBooter.java:162)
	at org.apache.maven.surefire.booter.ForkedBooter.run(ForkedBooter.java:507)
	at org.apache.maven.surefire.booter.ForkedBooter.main(ForkedBooter.java:495)
[main] - 2026-09-09 23:55:38,299  INFO  c.a.chat.storage.ChatStorageFactory - Creating ChatStorageProvider for: PostgreSQL
[main] - 2026-09-09 23:55:38,301  INFO  c.a.chat.storage.ChatStorageFactory - Creating ChatStorageProvider for: Supabase
[main] - 2026-09-09 23:55:38,308  INFO  c.a.chat.storage.ChatStorageFactory - Creating ChatStorageProvider for: Firebase Firestore
[main] - 2026-09-09 23:55:38,311  INFO  c.a.chat.storage.ChatStorageFactory - Creating ChatStorageProvider for: MySQL
[main] - 2026-09-09 23:55:38,311  INFO  c.a.chat.storage.ChatStorageFactory - [SQL] Using MySQL: url=jdbc:h2:mem:desc_mysql
[main] - 2026-09-09 23:55:38,311  INFO  c.a.c.s.p.SqlChatStorageProvider - [SQL] Creating DataSource for MySQL: url=jdbc:h2:mem:desc_mysql
[main] - 2026-09-09 23:55:38,312  INFO  com.zaxxer.hikari.HikariDataSource - chat-storage-mysql - Starting...
[main] - 2026-09-09 23:55:38,314  INFO  com.zaxxer.hikari.pool.HikariPool - chat-storage-mysql - Added connection conn7: url=jdbc:h2:mem:desc_mysql user=
[main] - 2026-09-09 23:55:38,314  INFO  com.zaxxer.hikari.HikariDataSource - chat-storage-mysql - Start completed.
[main] - 2026-09-09 23:55:38,315  INFO  c.a.c.s.p.SqlChatStorageProvider - [SQL] Initializing schema for MySQL
[main] - 2026-09-09 23:55:38,315  ERROR c.a.c.s.p.SqlChatStorageProvider - [SQL] Failed to initialize schema
org.h2.jdbc.JdbcSQLNonTransientException: Unknown data type: "IDX_MESSAGES_CONVERSATION"; SQL statement:
CREATE TABLE IF NOT EXISTS chat_messages (  id VARCHAR(64) PRIMARY KEY,  conversation_id VARCHAR(64) NOT NULL,  sender_id VARCHAR(64) NOT NULL,  sender_email VARCHAR(255),  sender_name VARCHAR(255),  receiver_id VARCHAR(64) NOT NULL,  receiver_email VARCHAR(255),  content TEXT NOT NULL,  message_type VARCHAR(32) DEFAULT 'TEXT',  media_url TEXT,  media_mime_type VARCHAR(128),  media_size BIGINT,  is_read BOOLEAN DEFAULT false,  read_at TIMESTAMP,  status VARCHAR(32) DEFAULT 'SENT',  is_deleted BOOLEAN DEFAULT false,  created_at TIMESTAMP DEFAULT CURRENT_TIMESTAMP,  updated_at TIMESTAMP DEFAULT CURRENT_TIMESTAMP,  metadata TEXT,  tenant_id VARCHAR(64),  INDEX idx_messages_conversation (conversation_id),  INDEX idx_messages_sender (sender_id),  INDEX idx_messages_receiver (receiver_id),  INDEX idx_messages_unread (receiver_id, is_read),  INDEX idx_messages_created (created_at)) [50004-232]
	at org.h2.message.DbException.getJdbcSQLException(DbException.java:566)
	at org.h2.message.DbException.getJdbcSQLException(DbException.java:489)
	at org.h2.message.DbException.get(DbException.java:223)
	at org.h2.message.DbException.get(DbException.java:199)
	at org.h2.command.Parser.readIfDataType1(Parser.java:5860)
	at org.h2.command.Parser.readIfDataType(Parser.java:5698)
	at org.h2.command.Parser.parseColumnWithType(Parser.java:5680)
	at org.h2.command.Parser.parseColumnForTable(Parser.java:5559)
	at org.h2.command.Parser.parseTableColumnDefinition(Parser.java:8876)
	at org.h2.command.Parser.parseCreateTable(Parser.java:8819)
	at org.h2.command.Parser.parseCreate(Parser.java:6398)
	at org.h2.command.Parser.parsePrepared(Parser.java:645)
	at org.h2.command.Parser.parse(Parser.java:581)
	at org.h2.command.Parser.parse(Parser.java:556)
	at org.h2.command.Parser.prepareCommand(Parser.java:484)
	at org.h2.engine.SessionLocal.prepareLocal(SessionLocal.java:645)
	at org.h2.engine.SessionLocal.prepareCommand(SessionLocal.java:561)
	at org.h2.jdbc.JdbcConnection.prepareCommand(JdbcConnection.java:1164)
	at org.h2.jdbc.JdbcStatement.executeUpdateInternal(JdbcStatement.java:190)
	at org.h2.jdbc.JdbcStatement.executeUpdate(JdbcStatement.java:147)
	at com.zaxxer.hikari.pool.ProxyStatement.executeUpdate(ProxyStatement.java:120)
	at com.zaxxer.hikari.pool.HikariProxyStatement.executeUpdate(HikariProxyStatement.java)
	at com.ayush.chat.storage.provider.SqlChatStorageProvider.initializeSchema(SqlChatStorageProvider.java:519)
	at com.ayush.chat.storage.provider.SqlChatStorageProvider.<init>(SqlChatStorageProvider.java:37)
	at com.ayush.chat.storage.ChatStorageFactory.createProvider(ChatStorageFactory.java:60)
	at java.base/java.util.concurrent.ConcurrentHashMap.computeIfAbsent(ConcurrentHashMap.java:1708)
	at com.ayush.chat.storage.ChatStorageFactory.getProvider(ChatStorageFactory.java:48)
	at com.ayush.chat.storage.ChatStorageFactory.getProvider(ChatStorageFactory.java:40)
	at com.ayush.chat.storage.ChatStorageFactoryTest.mysqlProviderShouldHaveCorrectDescription(ChatStorageFactoryTest.java:297)
	at java.base/jdk.internal.reflect.NativeMethodAccessorImpl.invoke0(Native Method)
	at java.base/jdk.internal.reflect.NativeMethodAccessorImpl.invoke(NativeMethodAccessorImpl.java:77)
	at java.base/jdk.internal.reflect.DelegatingMethodAccessorImpl.invoke(DelegatingMethodAccessorImpl.java:43)
	at java.base/java.lang.reflect.Method.invoke(Method.java:568)
	at org.junit.platform.commons.util.ReflectionUtils.invokeMethod(ReflectionUtils.java:775)
	at org.junit.platform.commons.support.ReflectionSupport.invokeMethod(ReflectionSupport.java:479)
	at org.junit.jupiter.engine.execution.MethodInvocation.proceed(MethodInvocation.java:60)
	at org.junit.jupiter.engine.execution.InvocationInterceptorChain$ValidatingInvocation.proceed(InvocationInterceptorChain.java:131)
	at org.junit.jupiter.engine.extension.TimeoutExtension.intercept(TimeoutExtension.java:161)
	at org.junit.jupiter.engine.extension.TimeoutExtension.interceptTestableMethod(TimeoutExtension.java:152)
	at org.junit.jupiter.engine.extension.TimeoutExtension.interceptTestMethod(TimeoutExtension.java:91)
	at org.junit.jupiter.engine.execution.InterceptingExecutableInvoker$ReflectiveInterceptorCall.lambda$ofVoidMethod$0(InterceptingExecutableInvoker.java:112)
	at org.junit.jupiter.engine.execution.InterceptingExecutableInvoker.lambda$invoke$0(InterceptingExecutableInvoker.java:94)
	at org.junit.jupiter.engine.execution.InvocationInterceptorChain$InterceptedInvocation.proceed(InvocationInterceptorChain.java:106)
	at org.junit.jupiter.engine.execution.InvocationInterceptorChain.proceed(InvocationInterceptorChain.java:64)
	at org.junit.jupiter.engine.execution.InvocationInterceptorChain.chainAndInvoke(InvocationInterceptorChain.java:45)
	at org.junit.jupiter.engine.execution.InvocationInterceptorChain.invoke(InvocationInterceptorChain.java:37)
	at org.junit.jupiter.engine.execution.InterceptingExecutableInvoker.invoke(InterceptingExecutableInvoker.java:93)
	at org.junit.jupiter.engine.execution.InterceptingExecutableInvoker.invoke(InterceptingExecutableInvoker.java:87)
	at org.junit.jupiter.engine.descriptor.TestMethodTestDescriptor.lambda$invokeTestMethod$7(TestMethodTestDescriptor.java:216)
	at org.junit.platform.engine.support.hierarchical.ThrowableCollector.execute(ThrowableCollector.java:73)
	at org.junit.jupiter.engine.descriptor.TestMethodTestDescriptor.invokeTestMethod(TestMethodTestDescriptor.java:212)
	at org.junit.jupiter.engine.descriptor.TestMethodTestDescriptor.execute(TestMethodTestDescriptor.java:137)
	at org.junit.jupiter.engine.descriptor.TestMethodTestDescriptor.execute(TestMethodTestDescriptor.java:69)
	at org.junit.platform.engine.support.hierarchical.NodeTestTask.lambda$executeRecursively$6(NodeTestTask.java:156)
	at org.junit.platform.engine.support.hierarchical.ThrowableCollector.execute(ThrowableCollector.java:73)
	at org.junit.platform.engine.support.hierarchical.NodeTestTask.lambda$executeRecursively$8(NodeTestTask.java:146)
	at org.junit.platform.engine.support.hierarchical.Node.around(Node.java:137)
	at org.junit.platform.engine.support.hierarchical.NodeTestTask.lambda$executeRecursively$9(NodeTestTask.java:144)
	at org.junit.platform.engine.support.hierarchical.ThrowableCollector.execute(ThrowableCollector.java:73)
	at org.junit.platform.engine.support.hierarchical.NodeTestTask.executeRecursively(NodeTestTask.java:143)
	at org.junit.platform.engine.support.hierarchical.NodeTestTask.execute(NodeTestTask.java:100)
	at java.base/java.util.ArrayList.forEach(ArrayList.java:1511)
	at org.junit.platform.engine.support.hierarchical.SameThreadHierarchicalTestExecutorService.invokeAll(SameThreadHierarchicalTestExecutorService.java:41)
	at org.junit.platform.engine.support.hierarchical.NodeTestTask.lambda$executeRecursively$6(NodeTestTask.java:160)
	at org.junit.platform.engine.support.hierarchical.ThrowableCollector.execute(ThrowableCollector.java:73)
	at org.junit.platform.engine.support.hierarchical.NodeTestTask.lambda$executeRecursively$8(NodeTestTask.java:146)
	at org.junit.platform.engine.support.hierarchical.Node.around(Node.java:137)
	at org.junit.platform.engine.support.hierarchical.NodeTestTask.lambda$executeRecursively$9(NodeTestTask.java:144)
	at org.junit.platform.engine.support.hierarchical.ThrowableCollector.execute(ThrowableCollector.java:73)
	at org.junit.platform.engine.support.hierarchical.NodeTestTask.executeRecursively(NodeTestTask.java:143)
	at org.junit.platform.engine.support.hierarchical.NodeTestTask.execute(NodeTestTask.java:100)
	at java.base/java.util.ArrayList.forEach(ArrayList.java:1511)
	at org.junit.platform.engine.support.hierarchical.SameThreadHierarchicalTestExecutorService.invokeAll(SameThreadHierarchicalTestExecutorService.java:41)
	at org.junit.platform.engine.support.hierarchical.NodeTestTask.lambda$executeRecursively$6(NodeTestTask.java:160)
	at org.junit.platform.engine.support.hierarchical.ThrowableCollector.execute(ThrowableCollector.java:73)
	at org.junit.platform.engine.support.hierarchical.NodeTestTask.lambda$executeRecursively$8(NodeTestTask.java:146)
	at org.junit.platform.engine.support.hierarchical.Node.around(Node.java:137)
	at org.junit.platform.engine.support.hierarchical.NodeTestTask.lambda$executeRecursively$9(NodeTestTask.java:144)
	at org.junit.platform.engine.support.hierarchical.ThrowableCollector.execute(ThrowableCollector.java:73)
	at org.junit.platform.engine.support.hierarchical.NodeTestTask.executeRecursively(NodeTestTask.java:143)
	at org.junit.platform.engine.support.hierarchical.NodeTestTask.execute(NodeTestTask.java:100)
	at org.junit.platform.engine.support.hierarchical.SameThreadHierarchicalTestExecutorService.submit(SameThreadHierarchicalTestExecutorService.java:35)
	at org.junit.platform.engine.support.hierarchical.HierarchicalTestExecutor.execute(HierarchicalTestExecutor.java:57)
	at org.junit.platform.engine.support.hierarchical.HierarchicalTestEngine.execute(HierarchicalTestEngine.java:54)
	at org.junit.platform.launcher.core.EngineExecutionOrchestrator.execute(EngineExecutionOrchestrator.java:201)
	at org.junit.platform.launcher.core.EngineExecutionOrchestrator.execute(EngineExecutionOrchestrator.java:170)
	at org.junit.platform.launcher.core.EngineExecutionOrchestrator.execute(EngineExecutionOrchestrator.java:94)
	at org.junit.platform.launcher.core.EngineExecutionOrchestrator.lambda$execute$0(EngineExecutionOrchestrator.java:59)
	at org.junit.platform.launcher.core.EngineExecutionOrchestrator.withInterceptedStreams(EngineExecutionOrchestrator.java:142)
	at org.junit.platform.launcher.core.EngineExecutionOrchestrator.execute(EngineExecutionOrchestrator.java:58)
	at org.junit.platform.launcher.core.DefaultLauncher.execute(DefaultLauncher.java:103)
	at org.junit.platform.launcher.core.DefaultLauncher.execute(DefaultLauncher.java:85)
	at org.junit.platform.launcher.core.DelegatingLauncher.execute(DelegatingLauncher.java:47)
	at org.junit.platform.launcher.core.InterceptingLauncher.lambda$execute$1(InterceptingLauncher.java:39)
	at org.junit.platform.launcher.core.ClasspathAlignmentCheckingLauncherInterceptor.intercept(ClasspathAlignmentCheckingLauncherInterceptor.java:25)
	at org.junit.platform.launcher.core.InterceptingLauncher.execute(InterceptingLauncher.java:38)
	at org.junit.platform.launcher.core.DelegatingLauncher.execute(DelegatingLauncher.java:47)
	at org.apache.maven.surefire.junitplatform.LazyLauncher.execute(LazyLauncher.java:56)
	at org.apache.maven.surefire.junitplatform.JUnitPlatformProvider.execute(JUnitPlatformProvider.java:194)
	at org.apache.maven.surefire.junitplatform.JUnitPlatformProvider.invokeAllTests(JUnitPlatformProvider.java:150)
	at org.apache.maven.surefire.junitplatform.JUnitPlatformProvider.invoke(JUnitPlatformProvider.java:124)
	at org.apache.maven.surefire.booter.ForkedBooter.runSuitesInProcess(ForkedBooter.java:385)
	at org.apache.maven.surefire.booter.ForkedBooter.execute(ForkedBooter.java:162)
	at org.apache.maven.surefire.booter.ForkedBooter.run(ForkedBooter.java:507)
	at org.apache.maven.surefire.booter.ForkedBooter.main(ForkedBooter.java:495)
[main] - 2026-09-09 23:55:38,315  INFO  c.a.chat.storage.ChatStorageFactory - Creating ChatStorageProvider for: PostgreSQL
[main] - 2026-09-09 23:55:38,319  INFO  c.a.chat.storage.ChatStorageFactory - [SQL] Using PostgreSQL: url=jdbc:h2:mem:pg_test
[main] - 2026-09-09 23:55:38,320  INFO  c.a.c.s.p.SqlChatStorageProvider - [SQL] Creating DataSource for PostgreSQL: url=jdbc:h2:mem:pg_test
[main] - 2026-09-09 23:55:38,320  INFO  com.zaxxer.hikari.HikariDataSource - chat-storage-postgresql - Starting...
[main] - 2026-09-09 23:55:38,321  INFO  com.zaxxer.hikari.pool.HikariPool - chat-storage-postgresql - Added connection conn8: url=jdbc:h2:mem:pg_test user=
[main] - 2026-09-09 23:55:38,321  INFO  com.zaxxer.hikari.HikariDataSource - chat-storage-postgresql - Start completed.
[main] - 2026-09-09 23:55:38,321  INFO  c.a.c.s.p.SqlChatStorageProvider - [SQL] Initializing schema for PostgreSQL
[main] - 2026-09-09 23:55:38,321  ERROR c.a.c.s.p.SqlChatStorageProvider - [SQL] Failed to initialize schema
org.h2.jdbc.JdbcSQLNonTransientException: Unknown data type: "IDX_MESSAGES_CONVERSATION"; SQL statement:
CREATE TABLE IF NOT EXISTS chat_messages (  id VARCHAR(64) PRIMARY KEY,  conversation_id VARCHAR(64) NOT NULL,  sender_id VARCHAR(64) NOT NULL,  sender_email VARCHAR(255),  sender_name VARCHAR(255),  receiver_id VARCHAR(64) NOT NULL,  receiver_email VARCHAR(255),  content TEXT NOT NULL,  message_type VARCHAR(32) DEFAULT 'TEXT',  media_url TEXT,  media_mime_type VARCHAR(128),  media_size BIGINT,  is_read BOOLEAN DEFAULT false,  read_at TIMESTAMP,  status VARCHAR(32) DEFAULT 'SENT',  is_deleted BOOLEAN DEFAULT false,  created_at TIMESTAMP DEFAULT CURRENT_TIMESTAMP,  updated_at TIMESTAMP DEFAULT CURRENT_TIMESTAMP,  metadata TEXT,  tenant_id VARCHAR(64),  INDEX idx_messages_conversation (conversation_id),  INDEX idx_messages_sender (sender_id),  INDEX idx_messages_receiver (receiver_id),  INDEX idx_messages_unread (receiver_id, is_read),  INDEX idx_messages_created (created_at)) [50004-232]
	at org.h2.message.DbException.getJdbcSQLException(DbException.java:566)
	at org.h2.message.DbException.getJdbcSQLException(DbException.java:489)
	at org.h2.message.DbException.get(DbException.java:223)
	at org.h2.message.DbException.get(DbException.java:199)
	at org.h2.command.Parser.readIfDataType1(Parser.java:5860)
	at org.h2.command.Parser.readIfDataType(Parser.java:5698)
	at org.h2.command.Parser.parseColumnWithType(Parser.java:5680)
	at org.h2.command.Parser.parseColumnForTable(Parser.java:5559)
	at org.h2.command.Parser.parseTableColumnDefinition(Parser.java:8876)
	at org.h2.command.Parser.parseCreateTable(Parser.java:8819)
	at org.h2.command.Parser.parseCreate(Parser.java:6398)
	at org.h2.command.Parser.parsePrepared(Parser.java:645)
	at org.h2.command.Parser.parse(Parser.java:581)
	at org.h2.command.Parser.parse(Parser.java:556)
	at org.h2.command.Parser.prepareCommand(Parser.java:484)
	at org.h2.engine.SessionLocal.prepareLocal(SessionLocal.java:645)
	at org.h2.engine.SessionLocal.prepareCommand(SessionLocal.java:561)
	at org.h2.jdbc.JdbcConnection.prepareCommand(JdbcConnection.java:1164)
	at org.h2.jdbc.JdbcStatement.executeUpdateInternal(JdbcStatement.java:190)
	at org.h2.jdbc.JdbcStatement.executeUpdate(JdbcStatement.java:147)
	at com.zaxxer.hikari.pool.ProxyStatement.executeUpdate(ProxyStatement.java:120)
	at com.zaxxer.hikari.pool.HikariProxyStatement.executeUpdate(HikariProxyStatement.java)
	at com.ayush.chat.storage.provider.SqlChatStorageProvider.initializeSchema(SqlChatStorageProvider.java:519)
	at com.ayush.chat.storage.provider.SqlChatStorageProvider.<init>(SqlChatStorageProvider.java:37)
	at com.ayush.chat.storage.ChatStorageFactory.createProvider(ChatStorageFactory.java:60)
	at java.base/java.util.concurrent.ConcurrentHashMap.computeIfAbsent(ConcurrentHashMap.java:1708)
	at com.ayush.chat.storage.ChatStorageFactory.getProvider(ChatStorageFactory.java:48)
	at com.ayush.chat.storage.ChatStorageFactory.getProvider(ChatStorageFactory.java:40)
	at com.ayush.chat.storage.ChatStorageFactoryTest.shouldCreatePostgreSqlProviderWithValidConfig(ChatStorageFactoryTest.java:69)
	at java.base/jdk.internal.reflect.NativeMethodAccessorImpl.invoke0(Native Method)
	at java.base/jdk.internal.reflect.NativeMethodAccessorImpl.invoke(NativeMethodAccessorImpl.java:77)
	at java.base/jdk.internal.reflect.DelegatingMethodAccessorImpl.invoke(DelegatingMethodAccessorImpl.java:43)
	at java.base/java.lang.reflect.Method.invoke(Method.java:568)
	at org.junit.platform.commons.util.ReflectionUtils.invokeMethod(ReflectionUtils.java:775)
	at org.junit.platform.commons.support.ReflectionSupport.invokeMethod(ReflectionSupport.java:479)
	at org.junit.jupiter.engine.execution.MethodInvocation.proceed(MethodInvocation.java:60)
	at org.junit.jupiter.engine.execution.InvocationInterceptorChain$ValidatingInvocation.proceed(InvocationInterceptorChain.java:131)
	at org.junit.jupiter.engine.extension.TimeoutExtension.intercept(TimeoutExtension.java:161)
	at org.junit.jupiter.engine.extension.TimeoutExtension.interceptTestableMethod(TimeoutExtension.java:152)
	at org.junit.jupiter.engine.extension.TimeoutExtension.interceptTestMethod(TimeoutExtension.java:91)
	at org.junit.jupiter.engine.execution.InterceptingExecutableInvoker$ReflectiveInterceptorCall.lambda$ofVoidMethod$0(InterceptingExecutableInvoker.java:112)
	at org.junit.jupiter.engine.execution.InterceptingExecutableInvoker.lambda$invoke$0(InterceptingExecutableInvoker.java:94)
	at org.junit.jupiter.engine.execution.InvocationInterceptorChain$InterceptedInvocation.proceed(InvocationInterceptorChain.java:106)
	at org.junit.jupiter.engine.execution.InvocationInterceptorChain.proceed(InvocationInterceptorChain.java:64)
	at org.junit.jupiter.engine.execution.InvocationInterceptorChain.chainAndInvoke(InvocationInterceptorChain.java:45)
	at org.junit.jupiter.engine.execution.InvocationInterceptorChain.invoke(InvocationInterceptorChain.java:37)
	at org.junit.jupiter.engine.execution.InterceptingExecutableInvoker.invoke(InterceptingExecutableInvoker.java:93)
	at org.junit.jupiter.engine.execution.InterceptingExecutableInvoker.invoke(InterceptingExecutableInvoker.java:87)
	at org.junit.jupiter.engine.descriptor.TestMethodTestDescriptor.lambda$invokeTestMethod$7(TestMethodTestDescriptor.java:216)
	at org.junit.platform.engine.support.hierarchical.ThrowableCollector.execute(ThrowableCollector.java:73)
	at org.junit.jupiter.engine.descriptor.TestMethodTestDescriptor.invokeTestMethod(TestMethodTestDescriptor.java:212)
	at org.junit.jupiter.engine.descriptor.TestMethodTestDescriptor.execute(TestMethodTestDescriptor.java:137)
	at org.junit.jupiter.engine.descriptor.TestMethodTestDescriptor.execute(TestMethodTestDescriptor.java:69)
	at org.junit.platform.engine.support.hierarchical.NodeTestTask.lambda$executeRecursively$6(NodeTestTask.java:156)
	at org.junit.platform.engine.support.hierarchical.ThrowableCollector.execute(ThrowableCollector.java:73)
	at org.junit.platform.engine.support.hierarchical.NodeTestTask.lambda$executeRecursively$8(NodeTestTask.java:146)
	at org.junit.platform.engine.support.hierarchical.Node.around(Node.java:137)
	at org.junit.platform.engine.support.hierarchical.NodeTestTask.lambda$executeRecursively$9(NodeTestTask.java:144)
	at org.junit.platform.engine.support.hierarchical.ThrowableCollector.execute(ThrowableCollector.java:73)
	at org.junit.platform.engine.support.hierarchical.NodeTestTask.executeRecursively(NodeTestTask.java:143)
	at org.junit.platform.engine.support.hierarchical.NodeTestTask.execute(NodeTestTask.java:100)
	at java.base/java.util.ArrayList.forEach(ArrayList.java:1511)
	at org.junit.platform.engine.support.hierarchical.SameThreadHierarchicalTestExecutorService.invokeAll(SameThreadHierarchicalTestExecutorService.java:41)
	at org.junit.platform.engine.support.hierarchical.NodeTestTask.lambda$executeRecursively$6(NodeTestTask.java:160)
	at org.junit.platform.engine.support.hierarchical.ThrowableCollector.execute(ThrowableCollector.java:73)
	at org.junit.platform.engine.support.hierarchical.NodeTestTask.lambda$executeRecursively$8(NodeTestTask.java:146)
	at org.junit.platform.engine.support.hierarchical.Node.around(Node.java:137)
	at org.junit.platform.engine.support.hierarchical.NodeTestTask.lambda$executeRecursively$9(NodeTestTask.java:144)
	at org.junit.platform.engine.support.hierarchical.ThrowableCollector.execute(ThrowableCollector.java:73)
	at org.junit.platform.engine.support.hierarchical.NodeTestTask.executeRecursively(NodeTestTask.java:143)
	at org.junit.platform.engine.support.hierarchical.NodeTestTask.execute(NodeTestTask.java:100)
	at java.base/java.util.ArrayList.forEach(ArrayList.java:1511)
	at org.junit.platform.engine.support.hierarchical.SameThreadHierarchicalTestExecutorService.invokeAll(SameThreadHierarchicalTestExecutorService.java:41)
	at org.junit.platform.engine.support.hierarchical.NodeTestTask.lambda$executeRecursively$6(NodeTestTask.java:160)
	at org.junit.platform.engine.support.hierarchical.ThrowableCollector.execute(ThrowableCollector.java:73)
	at org.junit.platform.engine.support.hierarchical.NodeTestTask.lambda$executeRecursively$8(NodeTestTask.java:146)
	at org.junit.platform.engine.support.hierarchical.Node.around(Node.java:137)
	at org.junit.platform.engine.support.hierarchical.NodeTestTask.lambda$executeRecursively$9(NodeTestTask.java:144)
	at org.junit.platform.engine.support.hierarchical.ThrowableCollector.execute(ThrowableCollector.java:73)
	at org.junit.platform.engine.support.hierarchical.NodeTestTask.executeRecursively(NodeTestTask.java:143)
	at org.junit.platform.engine.support.hierarchical.NodeTestTask.execute(NodeTestTask.java:100)
	at org.junit.platform.engine.support.hierarchical.SameThreadHierarchicalTestExecutorService.submit(SameThreadHierarchicalTestExecutorService.java:35)
	at org.junit.platform.engine.support.hierarchical.HierarchicalTestExecutor.execute(HierarchicalTestExecutor.java:57)
	at org.junit.platform.engine.support.hierarchical.HierarchicalTestEngine.execute(HierarchicalTestEngine.java:54)
	at org.junit.platform.launcher.core.EngineExecutionOrchestrator.execute(EngineExecutionOrchestrator.java:201)
	at org.junit.platform.launcher.core.EngineExecutionOrchestrator.execute(EngineExecutionOrchestrator.java:170)
	at org.junit.platform.launcher.core.EngineExecutionOrchestrator.execute(EngineExecutionOrchestrator.java:94)
	at org.junit.platform.launcher.core.EngineExecutionOrchestrator.lambda$execute$0(EngineExecutionOrchestrator.java:59)
	at org.junit.platform.launcher.core.EngineExecutionOrchestrator.withInterceptedStreams(EngineExecutionOrchestrator.java:142)
	at org.junit.platform.launcher.core.EngineExecutionOrchestrator.execute(EngineExecutionOrchestrator.java:58)
	at org.junit.platform.launcher.core.DefaultLauncher.execute(DefaultLauncher.java:103)
	at org.junit.platform.launcher.core.DefaultLauncher.execute(DefaultLauncher.java:85)
	at org.junit.platform.launcher.core.DelegatingLauncher.execute(DelegatingLauncher.java:47)
	at org.junit.platform.launcher.core.InterceptingLauncher.lambda$execute$1(InterceptingLauncher.java:39)
	at org.junit.platform.launcher.core.ClasspathAlignmentCheckingLauncherInterceptor.intercept(ClasspathAlignmentCheckingLauncherInterceptor.java:25)
	at org.junit.platform.launcher.core.InterceptingLauncher.execute(InterceptingLauncher.java:38)
	at org.junit.platform.launcher.core.DelegatingLauncher.execute(DelegatingLauncher.java:47)
	at org.apache.maven.surefire.junitplatform.LazyLauncher.execute(LazyLauncher.java:56)
	at org.apache.maven.surefire.junitplatform.JUnitPlatformProvider.execute(JUnitPlatformProvider.java:194)
	at org.apache.maven.surefire.junitplatform.JUnitPlatformProvider.invokeAllTests(JUnitPlatformProvider.java:150)
	at org.apache.maven.surefire.junitplatform.JUnitPlatformProvider.invoke(JUnitPlatformProvider.java:124)
	at org.apache.maven.surefire.booter.ForkedBooter.runSuitesInProcess(ForkedBooter.java:385)
	at org.apache.maven.surefire.booter.ForkedBooter.execute(ForkedBooter.java:162)
	at org.apache.maven.surefire.booter.ForkedBooter.run(ForkedBooter.java:507)
	at org.apache.maven.surefire.booter.ForkedBooter.main(ForkedBooter.java:495)
[main] - 2026-09-09 23:55:38,328  INFO  c.a.chat.storage.ChatStorageFactory - Creating ChatStorageProvider for: MongoDB
[main] - 2026-09-09 23:55:38,331  INFO  c.a.chat.storage.ChatStorageFactory - Creating ChatStorageProvider for: Supabase
[main] - 2026-09-09 23:55:38,332  INFO  c.a.chat.storage.ChatStorageFactory - Creating ChatStorageProvider for: H2 Database
[main] - 2026-09-09 23:55:38,335  INFO  c.a.chat.storage.ChatStorageFactory - [SQL] Using H2 Database: url=jdbc:h2:mem:refresh_test
[main] - 2026-09-09 23:55:38,335  INFO  c.a.c.s.p.SqlChatStorageProvider - [SQL] Creating DataSource for H2 Database: url=jdbc:h2:mem:refresh_test
[main] - 2026-09-09 23:55:38,335  INFO  com.zaxxer.hikari.HikariDataSource - chat-storage-h2 - Starting...
[main] - 2026-09-09 23:55:38,335  INFO  com.zaxxer.hikari.pool.HikariPool - chat-storage-h2 - Added connection conn10: url=jdbc:h2:mem:refresh_test user=
[main] - 2026-09-09 23:55:38,335  INFO  com.zaxxer.hikari.HikariDataSource - chat-storage-h2 - Start completed.
[main] - 2026-09-09 23:55:38,335  INFO  c.a.c.s.p.SqlChatStorageProvider - [SQL] Initializing schema for H2 Database
[main] - 2026-09-09 23:55:38,335  ERROR c.a.c.s.p.SqlChatStorageProvider - [SQL] Failed to initialize schema
org.h2.jdbc.JdbcSQLNonTransientException: Unknown data type: "IDX_MESSAGES_CONVERSATION"; SQL statement:
CREATE TABLE IF NOT EXISTS chat_messages (  id VARCHAR(64) PRIMARY KEY,  conversation_id VARCHAR(64) NOT NULL,  sender_id VARCHAR(64) NOT NULL,  sender_email VARCHAR(255),  sender_name VARCHAR(255),  receiver_id VARCHAR(64) NOT NULL,  receiver_email VARCHAR(255),  content TEXT NOT NULL,  message_type VARCHAR(32) DEFAULT 'TEXT',  media_url TEXT,  media_mime_type VARCHAR(128),  media_size BIGINT,  is_read BOOLEAN DEFAULT false,  read_at TIMESTAMP,  status VARCHAR(32) DEFAULT 'SENT',  is_deleted BOOLEAN DEFAULT false,  created_at TIMESTAMP DEFAULT CURRENT_TIMESTAMP,  updated_at TIMESTAMP DEFAULT CURRENT_TIMESTAMP,  metadata TEXT,  tenant_id VARCHAR(64),  INDEX idx_messages_conversation (conversation_id),  INDEX idx_messages_sender (sender_id),  INDEX idx_messages_receiver (receiver_id),  INDEX idx_messages_unread (receiver_id, is_read),  INDEX idx_messages_created (created_at)) [50004-232]
	at org.h2.message.DbException.getJdbcSQLException(DbException.java:566)
	at org.h2.message.DbException.getJdbcSQLException(DbException.java:489)
	at org.h2.message.DbException.get(DbException.java:223)
	at org.h2.message.DbException.get(DbException.java:199)
	at org.h2.command.Parser.readIfDataType1(Parser.java:5860)
	at org.h2.command.Parser.readIfDataType(Parser.java:5698)
	at org.h2.command.Parser.parseColumnWithType(Parser.java:5680)
	at org.h2.command.Parser.parseColumnForTable(Parser.java:5559)
	at org.h2.command.Parser.parseTableColumnDefinition(Parser.java:8876)
	at org.h2.command.Parser.parseCreateTable(Parser.java:8819)
	at org.h2.command.Parser.parseCreate(Parser.java:6398)
	at org.h2.command.Parser.parsePrepared(Parser.java:645)
	at org.h2.command.Parser.parse(Parser.java:581)
	at org.h2.command.Parser.parse(Parser.java:556)
	at org.h2.command.Parser.prepareCommand(Parser.java:484)
	at org.h2.engine.SessionLocal.prepareLocal(SessionLocal.java:645)
	at org.h2.engine.SessionLocal.prepareCommand(SessionLocal.java:561)
	at org.h2.jdbc.JdbcConnection.prepareCommand(JdbcConnection.java:1164)
	at org.h2.jdbc.JdbcStatement.executeUpdateInternal(JdbcStatement.java:190)
	at org.h2.jdbc.JdbcStatement.executeUpdate(JdbcStatement.java:147)
	at com.zaxxer.hikari.pool.ProxyStatement.executeUpdate(ProxyStatement.java:120)
	at com.zaxxer.hikari.pool.HikariProxyStatement.executeUpdate(HikariProxyStatement.java)
	at com.ayush.chat.storage.provider.SqlChatStorageProvider.initializeSchema(SqlChatStorageProvider.java:519)
	at com.ayush.chat.storage.provider.SqlChatStorageProvider.<init>(SqlChatStorageProvider.java:37)
	at com.ayush.chat.storage.ChatStorageFactory.createProvider(ChatStorageFactory.java:60)
	at java.base/java.util.concurrent.ConcurrentHashMap.computeIfAbsent(ConcurrentHashMap.java:1708)
	at com.ayush.chat.storage.ChatStorageFactory.getProvider(ChatStorageFactory.java:48)
	at com.ayush.chat.storage.ChatStorageFactory.getProvider(ChatStorageFactory.java:40)
	at com.ayush.chat.storage.ChatStorageFactoryTest.refreshProviderShouldReturnNewInstance(ChatStorageFactoryTest.java:224)
	at java.base/jdk.internal.reflect.NativeMethodAccessorImpl.invoke0(Native Method)
	at java.base/jdk.internal.reflect.NativeMethodAccessorImpl.invoke(NativeMethodAccessorImpl.java:77)
	at java.base/jdk.internal.reflect.DelegatingMethodAccessorImpl.invoke(DelegatingMethodAccessorImpl.java:43)
	at java.base/java.lang.reflect.Method.invoke(Method.java:568)
	at org.junit.platform.commons.util.ReflectionUtils.invokeMethod(ReflectionUtils.java:775)
	at org.junit.platform.commons.support.ReflectionSupport.invokeMethod(ReflectionSupport.java:479)
	at org.junit.jupiter.engine.execution.MethodInvocation.proceed(MethodInvocation.java:60)
	at org.junit.jupiter.engine.execution.InvocationInterceptorChain$ValidatingInvocation.proceed(InvocationInterceptorChain.java:131)
	at org.junit.jupiter.engine.extension.TimeoutExtension.intercept(TimeoutExtension.java:161)
	at org.junit.jupiter.engine.extension.TimeoutExtension.interceptTestableMethod(TimeoutExtension.java:152)
	at org.junit.jupiter.engine.extension.TimeoutExtension.interceptTestMethod(TimeoutExtension.java:91)
	at org.junit.jupiter.engine.execution.InterceptingExecutableInvoker$ReflectiveInterceptorCall.lambda$ofVoidMethod$0(InterceptingExecutableInvoker.java:112)
	at org.junit.jupiter.engine.execution.InterceptingExecutableInvoker.lambda$invoke$0(InterceptingExecutableInvoker.java:94)
	at org.junit.jupiter.engine.execution.InvocationInterceptorChain$InterceptedInvocation.proceed(InvocationInterceptorChain.java:106)
	at org.junit.jupiter.engine.execution.InvocationInterceptorChain.proceed(InvocationInterceptorChain.java:64)
	at org.junit.jupiter.engine.execution.InvocationInterceptorChain.chainAndInvoke(InvocationInterceptorChain.java:45)
	at org.junit.jupiter.engine.execution.InvocationInterceptorChain.invoke(InvocationInterceptorChain.java:37)
	at org.junit.jupiter.engine.execution.InterceptingExecutableInvoker.invoke(InterceptingExecutableInvoker.java:93)
	at org.junit.jupiter.engine.execution.InterceptingExecutableInvoker.invoke(InterceptingExecutableInvoker.java:87)
	at org.junit.jupiter.engine.descriptor.TestMethodTestDescriptor.lambda$invokeTestMethod$7(TestMethodTestDescriptor.java:216)
	at org.junit.platform.engine.support.hierarchical.ThrowableCollector.execute(ThrowableCollector.java:73)
	at org.junit.jupiter.engine.descriptor.TestMethodTestDescriptor.invokeTestMethod(TestMethodTestDescriptor.java:212)
	at org.junit.jupiter.engine.descriptor.TestMethodTestDescriptor.execute(TestMethodTestDescriptor.java:137)
	at org.junit.jupiter.engine.descriptor.TestMethodTestDescriptor.execute(TestMethodTestDescriptor.java:69)
	at org.junit.platform.engine.support.hierarchical.NodeTestTask.lambda$executeRecursively$6(NodeTestTask.java:156)
	at org.junit.platform.engine.support.hierarchical.ThrowableCollector.execute(ThrowableCollector.java:73)
	at org.junit.platform.engine.support.hierarchical.NodeTestTask.lambda$executeRecursively$8(NodeTestTask.java:146)
	at org.junit.platform.engine.support.hierarchical.Node.around(Node.java:137)
	at org.junit.platform.engine.support.hierarchical.NodeTestTask.lambda$executeRecursively$9(NodeTestTask.java:144)
	at org.junit.platform.engine.support.hierarchical.ThrowableCollector.execute(ThrowableCollector.java:73)
	at org.junit.platform.engine.support.hierarchical.NodeTestTask.executeRecursively(NodeTestTask.java:143)
	at org.junit.platform.engine.support.hierarchical.NodeTestTask.execute(NodeTestTask.java:100)
	at java.base/java.util.ArrayList.forEach(ArrayList.java:1511)
	at org.junit.platform.engine.support.hierarchical.SameThreadHierarchicalTestExecutorService.invokeAll(SameThreadHierarchicalTestExecutorService.java:41)
	at org.junit.platform.engine.support.hierarchical.NodeTestTask.lambda$executeRecursively$6(NodeTestTask.java:160)
	at org.junit.platform.engine.support.hierarchical.ThrowableCollector.execute(ThrowableCollector.java:73)
	at org.junit.platform.engine.support.hierarchical.NodeTestTask.lambda$executeRecursively$8(NodeTestTask.java:146)
	at org.junit.platform.engine.support.hierarchical.Node.around(Node.java:137)
	at org.junit.platform.engine.support.hierarchical.NodeTestTask.lambda$executeRecursively$9(NodeTestTask.java:144)
	at org.junit.platform.engine.support.hierarchical.ThrowableCollector.execute(ThrowableCollector.java:73)
	at org.junit.platform.engine.support.hierarchical.NodeTestTask.executeRecursively(NodeTestTask.java:143)
	at org.junit.platform.engine.support.hierarchical.NodeTestTask.execute(NodeTestTask.java:100)
	at java.base/java.util.ArrayList.forEach(ArrayList.java:1511)
	at org.junit.platform.engine.support.hierarchical.SameThreadHierarchicalTestExecutorService.invokeAll(SameThreadHierarchicalTestExecutorService.java:41)
	at org.junit.platform.engine.support.hierarchical.NodeTestTask.lambda$executeRecursively$6(NodeTestTask.java:160)
	at org.junit.platform.engine.support.hierarchical.ThrowableCollector.execute(ThrowableCollector.java:73)
	at org.junit.platform.engine.support.hierarchical.NodeTestTask.lambda$executeRecursively$8(NodeTestTask.java:146)
	at org.junit.platform.engine.support.hierarchical.Node.around(Node.java:137)
	at org.junit.platform.engine.support.hierarchical.NodeTestTask.lambda$executeRecursively$9(NodeTestTask.java:144)
	at org.junit.platform.engine.support.hierarchical.ThrowableCollector.execute(ThrowableCollector.java:73)
	at org.junit.platform.engine.support.hierarchical.NodeTestTask.executeRecursively(NodeTestTask.java:143)
	at org.junit.platform.engine.support.hierarchical.NodeTestTask.execute(NodeTestTask.java:100)
	at org.junit.platform.engine.support.hierarchical.SameThreadHierarchicalTestExecutorService.submit(SameThreadHierarchicalTestExecutorService.java:35)
	at org.junit.platform.engine.support.hierarchical.HierarchicalTestExecutor.execute(HierarchicalTestExecutor.java:57)
	at org.junit.platform.engine.support.hierarchical.HierarchicalTestEngine.execute(HierarchicalTestEngine.java:54)
	at org.junit.platform.launcher.core.EngineExecutionOrchestrator.execute(EngineExecutionOrchestrator.java:201)
	at org.junit.platform.launcher.core.EngineExecutionOrchestrator.execute(EngineExecutionOrchestrator.java:170)
	at org.junit.platform.launcher.core.EngineExecutionOrchestrator.execute(EngineExecutionOrchestrator.java:94)
	at org.junit.platform.launcher.core.EngineExecutionOrchestrator.lambda$execute$0(EngineExecutionOrchestrator.java:59)
	at org.junit.platform.launcher.core.EngineExecutionOrchestrator.withInterceptedStreams(EngineExecutionOrchestrator.java:142)
	at org.junit.platform.launcher.core.EngineExecutionOrchestrator.execute(EngineExecutionOrchestrator.java:58)
	at org.junit.platform.launcher.core.DefaultLauncher.execute(DefaultLauncher.java:103)
	at org.junit.platform.launcher.core.DefaultLauncher.execute(DefaultLauncher.java:85)
	at org.junit.platform.launcher.core.DelegatingLauncher.execute(DelegatingLauncher.java:47)
	at org.junit.platform.launcher.core.InterceptingLauncher.lambda$execute$1(InterceptingLauncher.java:39)
	at org.junit.platform.launcher.core.ClasspathAlignmentCheckingLauncherInterceptor.intercept(ClasspathAlignmentCheckingLauncherInterceptor.java:25)
	at org.junit.platform.launcher.core.InterceptingLauncher.execute(InterceptingLauncher.java:38)
	at org.junit.platform.launcher.core.DelegatingLauncher.execute(DelegatingLauncher.java:47)
	at org.apache.maven.surefire.junitplatform.LazyLauncher.execute(LazyLauncher.java:56)
	at org.apache.maven.surefire.junitplatform.JUnitPlatformProvider.execute(JUnitPlatformProvider.java:194)
	at org.apache.maven.surefire.junitplatform.JUnitPlatformProvider.invokeAllTests(JUnitPlatformProvider.java:150)
	at org.apache.maven.surefire.junitplatform.JUnitPlatformProvider.invoke(JUnitPlatformProvider.java:124)
	at org.apache.maven.surefire.booter.ForkedBooter.runSuitesInProcess(ForkedBooter.java:385)
	at org.apache.maven.surefire.booter.ForkedBooter.execute(ForkedBooter.java:162)
	at org.apache.maven.surefire.booter.ForkedBooter.run(ForkedBooter.java:507)
	at org.apache.maven.surefire.booter.ForkedBooter.main(ForkedBooter.java:495)
[main] - 2026-09-09 23:55:38,343  INFO  c.a.chat.storage.ChatStorageFactory - Creating ChatStorageProvider for: Supabase
[main] - 2026-09-09 23:55:38,345  INFO  c.a.chat.storage.ChatStorageFactory - Creating ChatStorageProvider for: MySQL
[main] - 2026-09-09 23:55:38,345  INFO  c.a.chat.storage.ChatStorageFactory - [SQL] Using MySQL: url=jdbc:h2:mem:mysql_test
[main] - 2026-09-09 23:55:38,346  INFO  c.a.c.s.p.SqlChatStorageProvider - [SQL] Creating DataSource for MySQL: url=jdbc:h2:mem:mysql_test
[main] - 2026-09-09 23:55:38,346  INFO  com.zaxxer.hikari.HikariDataSource - chat-storage-mysql - Starting...
[main] - 2026-09-09 23:55:38,348  INFO  com.zaxxer.hikari.pool.HikariPool - chat-storage-mysql - Added connection conn11: url=jdbc:h2:mem:mysql_test user=
[main] - 2026-09-09 23:55:38,348  INFO  com.zaxxer.hikari.HikariDataSource - chat-storage-mysql - Start completed.
[main] - 2026-09-09 23:55:38,348  INFO  c.a.c.s.p.SqlChatStorageProvider - [SQL] Initializing schema for MySQL
[main] - 2026-09-09 23:55:38,350  ERROR c.a.c.s.p.SqlChatStorageProvider - [SQL] Failed to initialize schema
org.h2.jdbc.JdbcSQLNonTransientException: Unknown data type: "IDX_MESSAGES_CONVERSATION"; SQL statement:
CREATE TABLE IF NOT EXISTS chat_messages (  id VARCHAR(64) PRIMARY KEY,  conversation_id VARCHAR(64) NOT NULL,  sender_id VARCHAR(64) NOT NULL,  sender_email VARCHAR(255),  sender_name VARCHAR(255),  receiver_id VARCHAR(64) NOT NULL,  receiver_email VARCHAR(255),  content TEXT NOT NULL,  message_type VARCHAR(32) DEFAULT 'TEXT',  media_url TEXT,  media_mime_type VARCHAR(128),  media_size BIGINT,  is_read BOOLEAN DEFAULT false,  read_at TIMESTAMP,  status VARCHAR(32) DEFAULT 'SENT',  is_deleted BOOLEAN DEFAULT false,  created_at TIMESTAMP DEFAULT CURRENT_TIMESTAMP,  updated_at TIMESTAMP DEFAULT CURRENT_TIMESTAMP,  metadata TEXT,  tenant_id VARCHAR(64),  INDEX idx_messages_conversation (conversation_id),  INDEX idx_messages_sender (sender_id),  INDEX idx_messages_receiver (receiver_id),  INDEX idx_messages_unread (receiver_id, is_read),  INDEX idx_messages_created (created_at)) [50004-232]
	at org.h2.message.DbException.getJdbcSQLException(DbException.java:566)
	at org.h2.message.DbException.getJdbcSQLException(DbException.java:489)
	at org.h2.message.DbException.get(DbException.java:223)
	at org.h2.message.DbException.get(DbException.java:199)
	at org.h2.command.Parser.readIfDataType1(Parser.java:5860)
	at org.h2.command.Parser.readIfDataType(Parser.java:5698)
	at org.h2.command.Parser.parseColumnWithType(Parser.java:5680)
	at org.h2.command.Parser.parseColumnForTable(Parser.java:5559)
	at org.h2.command.Parser.parseTableColumnDefinition(Parser.java:8876)
	at org.h2.command.Parser.parseCreateTable(Parser.java:8819)
	at org.h2.command.Parser.parseCreate(Parser.java:6398)
	at org.h2.command.Parser.parsePrepared(Parser.java:645)
	at org.h2.command.Parser.parse(Parser.java:581)
	at org.h2.command.Parser.parse(Parser.java:556)
	at org.h2.command.Parser.prepareCommand(Parser.java:484)
	at org.h2.engine.SessionLocal.prepareLocal(SessionLocal.java:645)
	at org.h2.engine.SessionLocal.prepareCommand(SessionLocal.java:561)
	at org.h2.jdbc.JdbcConnection.prepareCommand(JdbcConnection.java:1164)
	at org.h2.jdbc.JdbcStatement.executeUpdateInternal(JdbcStatement.java:190)
	at org.h2.jdbc.JdbcStatement.executeUpdate(JdbcStatement.java:147)
	at com.zaxxer.hikari.pool.ProxyStatement.executeUpdate(ProxyStatement.java:120)
	at com.zaxxer.hikari.pool.HikariProxyStatement.executeUpdate(HikariProxyStatement.java)
	at com.ayush.chat.storage.provider.SqlChatStorageProvider.initializeSchema(SqlChatStorageProvider.java:519)
	at com.ayush.chat.storage.provider.SqlChatStorageProvider.<init>(SqlChatStorageProvider.java:37)
	at com.ayush.chat.storage.ChatStorageFactory.createProvider(ChatStorageFactory.java:60)
	at java.base/java.util.concurrent.ConcurrentHashMap.computeIfAbsent(ConcurrentHashMap.java:1708)
	at com.ayush.chat.storage.ChatStorageFactory.getProvider(ChatStorageFactory.java:48)
	at com.ayush.chat.storage.ChatStorageFactory.getProvider(ChatStorageFactory.java:40)
	at com.ayush.chat.storage.ChatStorageFactoryTest.shouldCreateMySqlProviderWithValidConfig(ChatStorageFactoryTest.java:55)
	at java.base/jdk.internal.reflect.NativeMethodAccessorImpl.invoke0(Native Method)
	at java.base/jdk.internal.reflect.NativeMethodAccessorImpl.invoke(NativeMethodAccessorImpl.java:77)
	at java.base/jdk.internal.reflect.DelegatingMethodAccessorImpl.invoke(DelegatingMethodAccessorImpl.java:43)
	at java.base/java.lang.reflect.Method.invoke(Method.java:568)
	at org.junit.platform.commons.util.ReflectionUtils.invokeMethod(ReflectionUtils.java:775)
	at org.junit.platform.commons.support.ReflectionSupport.invokeMethod(ReflectionSupport.java:479)
	at org.junit.jupiter.engine.execution.MethodInvocation.proceed(MethodInvocation.java:60)
	at org.junit.jupiter.engine.execution.InvocationInterceptorChain$ValidatingInvocation.proceed(InvocationInterceptorChain.java:131)
	at org.junit.jupiter.engine.extension.TimeoutExtension.intercept(TimeoutExtension.java:161)
	at org.junit.jupiter.engine.extension.TimeoutExtension.interceptTestableMethod(TimeoutExtension.java:152)
	at org.junit.jupiter.engine.extension.TimeoutExtension.interceptTestMethod(TimeoutExtension.java:91)
	at org.junit.jupiter.engine.execution.InterceptingExecutableInvoker$ReflectiveInterceptorCall.lambda$ofVoidMethod$0(InterceptingExecutableInvoker.java:112)
	at org.junit.jupiter.engine.execution.InterceptingExecutableInvoker.lambda$invoke$0(InterceptingExecutableInvoker.java:94)
	at org.junit.jupiter.engine.execution.InvocationInterceptorChain$InterceptedInvocation.proceed(InvocationInterceptorChain.java:106)
	at org.junit.jupiter.engine.execution.InvocationInterceptorChain.proceed(InvocationInterceptorChain.java:64)
	at org.junit.jupiter.engine.execution.InvocationInterceptorChain.chainAndInvoke(InvocationInterceptorChain.java:45)
	at org.junit.jupiter.engine.execution.InvocationInterceptorChain.invoke(InvocationInterceptorChain.java:37)
	at org.junit.jupiter.engine.execution.InterceptingExecutableInvoker.invoke(InterceptingExecutableInvoker.java:93)
	at org.junit.jupiter.engine.execution.InterceptingExecutableInvoker.invoke(InterceptingExecutableInvoker.java:87)
	at org.junit.jupiter.engine.descriptor.TestMethodTestDescriptor.lambda$invokeTestMethod$7(TestMethodTestDescriptor.java:216)
	at org.junit.platform.engine.support.hierarchical.ThrowableCollector.execute(ThrowableCollector.java:73)
	at org.junit.jupiter.engine.descriptor.TestMethodTestDescriptor.invokeTestMethod(TestMethodTestDescriptor.java:212)
	at org.junit.jupiter.engine.descriptor.TestMethodTestDescriptor.execute(TestMethodTestDescriptor.java:137)
	at org.junit.jupiter.engine.descriptor.TestMethodTestDescriptor.execute(TestMethodTestDescriptor.java:69)
	at org.junit.platform.engine.support.hierarchical.NodeTestTask.lambda$executeRecursively$6(NodeTestTask.java:156)
	at org.junit.platform.engine.support.hierarchical.ThrowableCollector.execute(ThrowableCollector.java:73)
	at org.junit.platform.engine.support.hierarchical.NodeTestTask.lambda$executeRecursively$8(NodeTestTask.java:146)
	at org.junit.platform.engine.support.hierarchical.Node.around(Node.java:137)
	at org.junit.platform.engine.support.hierarchical.NodeTestTask.lambda$executeRecursively$9(NodeTestTask.java:144)
	at org.junit.platform.engine.support.hierarchical.ThrowableCollector.execute(ThrowableCollector.java:73)
	at org.junit.platform.engine.support.hierarchical.NodeTestTask.executeRecursively(NodeTestTask.java:143)
	at org.junit.platform.engine.support.hierarchical.NodeTestTask.execute(NodeTestTask.java:100)
	at java.base/java.util.ArrayList.forEach(ArrayList.java:1511)
	at org.junit.platform.engine.support.hierarchical.SameThreadHierarchicalTestExecutorService.invokeAll(SameThreadHierarchicalTestExecutorService.java:41)
	at org.junit.platform.engine.support.hierarchical.NodeTestTask.lambda$executeRecursively$6(NodeTestTask.java:160)
	at org.junit.platform.engine.support.hierarchical.ThrowableCollector.execute(ThrowableCollector.java:73)
	at org.junit.platform.engine.support.hierarchical.NodeTestTask.lambda$executeRecursively$8(NodeTestTask.java:146)
	at org.junit.platform.engine.support.hierarchical.Node.around(Node.java:137)
	at org.junit.platform.engine.support.hierarchical.NodeTestTask.lambda$executeRecursively$9(NodeTestTask.java:144)
	at org.junit.platform.engine.support.hierarchical.ThrowableCollector.execute(ThrowableCollector.java:73)
	at org.junit.platform.engine.support.hierarchical.NodeTestTask.executeRecursively(NodeTestTask.java:143)
	at org.junit.platform.engine.support.hierarchical.NodeTestTask.execute(NodeTestTask.java:100)
	at java.base/java.util.ArrayList.forEach(ArrayList.java:1511)
	at org.junit.platform.engine.support.hierarchical.SameThreadHierarchicalTestExecutorService.invokeAll(SameThreadHierarchicalTestExecutorService.java:41)
	at org.junit.platform.engine.support.hierarchical.NodeTestTask.lambda$executeRecursively$6(NodeTestTask.java:160)
	at org.junit.platform.engine.support.hierarchical.ThrowableCollector.execute(ThrowableCollector.java:73)
	at org.junit.platform.engine.support.hierarchical.NodeTestTask.lambda$executeRecursively$8(NodeTestTask.java:146)
	at org.junit.platform.engine.support.hierarchical.Node.around(Node.java:137)
	at org.junit.platform.engine.support.hierarchical.NodeTestTask.lambda$executeRecursively$9(NodeTestTask.java:144)
	at org.junit.platform.engine.support.hierarchical.ThrowableCollector.execute(ThrowableCollector.java:73)
	at org.junit.platform.engine.support.hierarchical.NodeTestTask.executeRecursively(NodeTestTask.java:143)
	at org.junit.platform.engine.support.hierarchical.NodeTestTask.execute(NodeTestTask.java:100)
	at org.junit.platform.engine.support.hierarchical.SameThreadHierarchicalTestExecutorService.submit(SameThreadHierarchicalTestExecutorService.java:35)
	at org.junit.platform.engine.support.hierarchical.HierarchicalTestExecutor.execute(HierarchicalTestExecutor.java:57)
	at org.junit.platform.engine.support.hierarchical.HierarchicalTestEngine.execute(HierarchicalTestEngine.java:54)
	at org.junit.platform.launcher.core.EngineExecutionOrchestrator.execute(EngineExecutionOrchestrator.java:201)
	at org.junit.platform.launcher.core.EngineExecutionOrchestrator.execute(EngineExecutionOrchestrator.java:170)
	at org.junit.platform.launcher.core.EngineExecutionOrchestrator.execute(EngineExecutionOrchestrator.java:94)
	at org.junit.platform.launcher.core.EngineExecutionOrchestrator.lambda$execute$0(EngineExecutionOrchestrator.java:59)
	at org.junit.platform.launcher.core.EngineExecutionOrchestrator.withInterceptedStreams(EngineExecutionOrchestrator.java:142)
	at org.junit.platform.launcher.core.EngineExecutionOrchestrator.execute(EngineExecutionOrchestrator.java:58)
	at org.junit.platform.launcher.core.DefaultLauncher.execute(DefaultLauncher.java:103)
	at org.junit.platform.launcher.core.DefaultLauncher.execute(DefaultLauncher.java:85)
	at org.junit.platform.launcher.core.DelegatingLauncher.execute(DelegatingLauncher.java:47)
	at org.junit.platform.launcher.core.InterceptingLauncher.lambda$execute$1(InterceptingLauncher.java:39)
	at org.junit.platform.launcher.core.ClasspathAlignmentCheckingLauncherInterceptor.intercept(ClasspathAlignmentCheckingLauncherInterceptor.java:25)
	at org.junit.platform.launcher.core.InterceptingLauncher.execute(InterceptingLauncher.java:38)
	at org.junit.platform.launcher.core.DelegatingLauncher.execute(DelegatingLauncher.java:47)
	at org.apache.maven.surefire.junitplatform.LazyLauncher.execute(LazyLauncher.java:56)
	at org.apache.maven.surefire.junitplatform.JUnitPlatformProvider.execute(JUnitPlatformProvider.java:194)
	at org.apache.maven.surefire.junitplatform.JUnitPlatformProvider.invokeAllTests(JUnitPlatformProvider.java:150)
	at org.apache.maven.surefire.junitplatform.JUnitPlatformProvider.invoke(JUnitPlatformProvider.java:124)
	at org.apache.maven.surefire.booter.ForkedBooter.runSuitesInProcess(ForkedBooter.java:385)
	at org.apache.maven.surefire.booter.ForkedBooter.execute(ForkedBooter.java:162)
	at org.apache.maven.surefire.booter.ForkedBooter.run(ForkedBooter.java:507)
	at org.apache.maven.surefire.booter.ForkedBooter.main(ForkedBooter.java:495)
[main] - 2026-09-09 23:55:38,354  INFO  c.a.chat.storage.ChatStorageFactory - Creating ChatStorageProvider for: Firebase Firestore
[main] - 2026-09-09 23:55:38,594  INFO  c.a.c.s.p.SqlChatStorageProvider - [SQL] Creating DataSource for H2 Database: url=jdbc:h2:mem:test_sql_60905c0a;DB_CLOSE_DELAY=-1
[main] - 2026-09-09 23:55:38,595  INFO  com.zaxxer.hikari.HikariDataSource - chat-storage-h2 - Starting...
[main] - 2026-09-09 23:55:38,598  INFO  com.zaxxer.hikari.pool.HikariPool - chat-storage-h2 - Added connection conn50: url=jdbc:h2:mem:test_sql_60905c0a user=SA
[main] - 2026-09-09 23:55:38,598  INFO  com.zaxxer.hikari.HikariDataSource - chat-storage-h2 - Start completed.
[main] - 2026-09-09 23:55:38,603  INFO  c.a.c.s.p.SqlChatStorageProvider - [SQL] Initializing schema for H2 Database
[main] - 2026-09-09 23:55:38,603  ERROR c.a.c.s.p.SqlChatStorageProvider - [SQL] Failed to initialize schema
org.h2.jdbc.JdbcSQLNonTransientException: Unknown data type: "IDX_MESSAGES_CONVERSATION"; SQL statement:
CREATE TABLE IF NOT EXISTS test_60905c0a_messages (  id VARCHAR(64) PRIMARY KEY,  conversation_id VARCHAR(64) NOT NULL,  sender_id VARCHAR(64) NOT NULL,  sender_email VARCHAR(255),  sender_name VARCHAR(255),  receiver_id VARCHAR(64) NOT NULL,  receiver_email VARCHAR(255),  content TEXT NOT NULL,  message_type VARCHAR(32) DEFAULT 'TEXT',  media_url TEXT,  media_mime_type VARCHAR(128),  media_size BIGINT,  is_read BOOLEAN DEFAULT false,  read_at TIMESTAMP,  status VARCHAR(32) DEFAULT 'SENT',  is_deleted BOOLEAN DEFAULT false,  created_at TIMESTAMP DEFAULT CURRENT_TIMESTAMP,  updated_at TIMESTAMP DEFAULT CURRENT_TIMESTAMP,  metadata TEXT,  tenant_id VARCHAR(64),  INDEX idx_messages_conversation (conversation_id),  INDEX idx_messages_sender (sender_id),  INDEX idx_messages_receiver (receiver_id),  INDEX idx_messages_unread (receiver_id, is_read),  INDEX idx_messages_created (created_at)) [50004-232]
	at org.h2.message.DbException.getJdbcSQLException(DbException.java:566)
	at org.h2.message.DbException.getJdbcSQLException(DbException.java:489)
	at org.h2.message.DbException.get(DbException.java:223)
	at org.h2.message.DbException.get(DbException.java:199)
	at org.h2.command.Parser.readIfDataType1(Parser.java:5860)
	at org.h2.command.Parser.readIfDataType(Parser.java:5698)
	at org.h2.command.Parser.parseColumnWithType(Parser.java:5680)
	at org.h2.command.Parser.parseColumnForTable(Parser.java:5559)
	at org.h2.command.Parser.parseTableColumnDefinition(Parser.java:8876)
	at org.h2.command.Parser.parseCreateTable(Parser.java:8819)
	at org.h2.command.Parser.parseCreate(Parser.java:6398)
	at org.h2.command.Parser.parsePrepared(Parser.java:645)
	at org.h2.command.Parser.parse(Parser.java:581)
	at org.h2.command.Parser.parse(Parser.java:556)
	at org.h2.command.Parser.prepareCommand(Parser.java:484)
	at org.h2.engine.SessionLocal.prepareLocal(SessionLocal.java:645)
	at org.h2.engine.SessionLocal.prepareCommand(SessionLocal.java:561)
	at org.h2.jdbc.JdbcConnection.prepareCommand(JdbcConnection.java:1164)
	at org.h2.jdbc.JdbcStatement.executeUpdateInternal(JdbcStatement.java:190)
	at org.h2.jdbc.JdbcStatement.executeUpdate(JdbcStatement.java:147)
	at com.zaxxer.hikari.pool.ProxyStatement.executeUpdate(ProxyStatement.java:120)
	at com.zaxxer.hikari.pool.HikariProxyStatement.executeUpdate(HikariProxyStatement.java)
	at com.ayush.chat.storage.provider.SqlChatStorageProvider.initializeSchema(SqlChatStorageProvider.java:519)
	at com.ayush.chat.storage.provider.SqlChatStorageProvider.<init>(SqlChatStorageProvider.java:37)
	at com.ayush.chat.storage.provider.SqlChatStorageProviderTest.setUpProvider(SqlChatStorageProviderTest.java:40)
	at java.base/jdk.internal.reflect.NativeMethodAccessorImpl.invoke0(Native Method)
	at java.base/jdk.internal.reflect.NativeMethodAccessorImpl.invoke(NativeMethodAccessorImpl.java:77)
	at java.base/jdk.internal.reflect.DelegatingMethodAccessorImpl.invoke(DelegatingMethodAccessorImpl.java:43)
	at java.base/java.lang.reflect.Method.invoke(Method.java:568)
	at org.junit.platform.commons.util.ReflectionUtils.invokeMethod(ReflectionUtils.java:775)
	at org.junit.platform.commons.support.ReflectionSupport.invokeMethod(ReflectionSupport.java:479)
	at org.junit.jupiter.engine.execution.MethodInvocation.proceed(MethodInvocation.java:60)
	at org.junit.jupiter.engine.execution.InvocationInterceptorChain$ValidatingInvocation.proceed(InvocationInterceptorChain.java:131)
	at org.junit.jupiter.engine.extension.TimeoutExtension.intercept(TimeoutExtension.java:161)
	at org.junit.jupiter.engine.extension.TimeoutExtension.interceptLifecycleMethod(TimeoutExtension.java:133)
	at org.junit.jupiter.engine.extension.TimeoutExtension.interceptBeforeAllMethod(TimeoutExtension.java:75)
	at org.junit.jupiter.engine.execution.InterceptingExecutableInvoker$ReflectiveInterceptorCall.lambda$ofVoidMethod$0(InterceptingExecutableInvoker.java:112)
	at org.junit.jupiter.engine.execution.InterceptingExecutableInvoker.lambda$invoke$0(InterceptingExecutableInvoker.java:94)
	at org.junit.jupiter.engine.execution.InvocationInterceptorChain$InterceptedInvocation.proceed(InvocationInterceptorChain.java:106)
	at org.junit.jupiter.engine.execution.InvocationInterceptorChain.proceed(InvocationInterceptorChain.java:64)
	at org.junit.jupiter.engine.execution.InvocationInterceptorChain.chainAndInvoke(InvocationInterceptorChain.java:45)
	at org.junit.jupiter.engine.execution.InvocationInterceptorChain.invoke(InvocationInterceptorChain.java:37)
	at org.junit.jupiter.engine.execution.InterceptingExecutableInvoker.invoke(InterceptingExecutableInvoker.java:93)
	at org.junit.jupiter.engine.execution.InterceptingExecutableInvoker.invoke(InterceptingExecutableInvoker.java:87)
	at org.junit.jupiter.engine.descriptor.ClassBasedTestDescriptor.lambda$invokeBeforeAllMethods$13(ClassBasedTestDescriptor.java:417)
	at org.junit.platform.engine.support.hierarchical.ThrowableCollector.execute(ThrowableCollector.java:73)
	at org.junit.jupiter.engine.descriptor.ClassBasedTestDescriptor.invokeBeforeAllMethods(ClassBasedTestDescriptor.java:415)
	at org.junit.jupiter.engine.descriptor.ClassBasedTestDescriptor.before(ClassBasedTestDescriptor.java:216)
	at org.junit.jupiter.engine.descriptor.ClassBasedTestDescriptor.before(ClassBasedTestDescriptor.java:84)
	at org.junit.platform.engine.support.hierarchical.NodeTestTask.lambda$executeRecursively$6(NodeTestTask.java:153)
	at org.junit.platform.engine.support.hierarchical.ThrowableCollector.execute(ThrowableCollector.java:73)
	at org.junit.platform.engine.support.hierarchical.NodeTestTask.lambda$executeRecursively$8(NodeTestTask.java:146)
	at org.junit.platform.engine.support.hierarchical.Node.around(Node.java:137)
	at org.junit.platform.engine.support.hierarchical.NodeTestTask.lambda$executeRecursively$9(NodeTestTask.java:144)
	at org.junit.platform.engine.support.hierarchical.ThrowableCollector.execute(ThrowableCollector.java:73)
	at org.junit.platform.engine.support.hierarchical.NodeTestTask.executeRecursively(NodeTestTask.java:143)
	at org.junit.platform.engine.support.hierarchical.NodeTestTask.execute(NodeTestTask.java:100)
	at java.base/java.util.ArrayList.forEach(ArrayList.java:1511)
	at org.junit.platform.engine.support.hierarchical.SameThreadHierarchicalTestExecutorService.invokeAll(SameThreadHierarchicalTestExecutorService.java:41)
	at org.junit.platform.engine.support.hierarchical.NodeTestTask.lambda$executeRecursively$6(NodeTestTask.java:160)
	at org.junit.platform.engine.support.hierarchical.ThrowableCollector.execute(ThrowableCollector.java:73)
	at org.junit.platform.engine.support.hierarchical.NodeTestTask.lambda$executeRecursively$8(NodeTestTask.java:146)
	at org.junit.platform.engine.support.hierarchical.Node.around(Node.java:137)
	at org.junit.platform.engine.support.hierarchical.NodeTestTask.lambda$executeRecursively$9(NodeTestTask.java:144)
	at org.junit.platform.engine.support.hierarchical.ThrowableCollector.execute(ThrowableCollector.java:73)
	at org.junit.platform.engine.support.hierarchical.NodeTestTask.executeRecursively(NodeTestTask.java:143)
	at org.junit.platform.engine.support.hierarchical.NodeTestTask.execute(NodeTestTask.java:100)
	at org.junit.platform.engine.support.hierarchical.SameThreadHierarchicalTestExecutorService.submit(SameThreadHierarchicalTestExecutorService.java:35)
	at org.junit.platform.engine.support.hierarchical.HierarchicalTestExecutor.execute(HierarchicalTestExecutor.java:57)
	at org.junit.platform.engine.support.hierarchical.HierarchicalTestEngine.execute(HierarchicalTestEngine.java:54)
	at org.junit.platform.launcher.core.EngineExecutionOrchestrator.execute(EngineExecutionOrchestrator.java:201)
	at org.junit.platform.launcher.core.EngineExecutionOrchestrator.execute(EngineExecutionOrchestrator.java:170)
	at org.junit.platform.launcher.core.EngineExecutionOrchestrator.execute(EngineExecutionOrchestrator.java:94)
	at org.junit.platform.launcher.core.EngineExecutionOrchestrator.lambda$execute$0(EngineExecutionOrchestrator.java:59)
	at org.junit.platform.launcher.core.EngineExecutionOrchestrator.withInterceptedStreams(EngineExecutionOrchestrator.java:142)
	at org.junit.platform.launcher.core.EngineExecutionOrchestrator.execute(EngineExecutionOrchestrator.java:58)
	at org.junit.platform.launcher.core.DefaultLauncher.execute(DefaultLauncher.java:103)
	at org.junit.platform.launcher.core.DefaultLauncher.execute(DefaultLauncher.java:85)
	at org.junit.platform.launcher.core.DelegatingLauncher.execute(DelegatingLauncher.java:47)
	at org.junit.platform.launcher.core.InterceptingLauncher.lambda$execute$1(InterceptingLauncher.java:39)
	at org.junit.platform.launcher.core.ClasspathAlignmentCheckingLauncherInterceptor.intercept(ClasspathAlignmentCheckingLauncherInterceptor.java:25)
	at org.junit.platform.launcher.core.InterceptingLauncher.execute(InterceptingLauncher.java:38)
	at org.junit.platform.launcher.core.DelegatingLauncher.execute(DelegatingLauncher.java:47)
	at org.apache.maven.surefire.junitplatform.LazyLauncher.execute(LazyLauncher.java:56)
	at org.apache.maven.surefire.junitplatform.JUnitPlatformProvider.execute(JUnitPlatformProvider.java:194)
	at org.apache.maven.surefire.junitplatform.JUnitPlatformProvider.invokeAllTests(JUnitPlatformProvider.java:150)
	at org.apache.maven.surefire.junitplatform.JUnitPlatformProvider.invoke(JUnitPlatformProvider.java:124)
	at org.apache.maven.surefire.booter.ForkedBooter.runSuitesInProcess(ForkedBooter.java:385)
	at org.apache.maven.surefire.booter.ForkedBooter.execute(ForkedBooter.java:162)
	at org.apache.maven.surefire.booter.ForkedBooter.run(ForkedBooter.java:507)
	at org.apache.maven.surefire.booter.ForkedBooter.main(ForkedBooter.java:495)
[main] - 2026-09-09 23:56:08,834  INFO  c.a.chat.storage.ChatStorageFactory - Creating ChatStorageProvider for: H2 Database
[main] - 2026-09-09 23:56:08,842  INFO  c.a.chat.storage.ChatStorageFactory - [SQL] Using H2 Database: url=jdbc:h2:mem:health_test
[main] - 2026-09-09 23:56:08,848  INFO  c.a.c.s.p.SqlChatStorageProvider - [SQL] Creating DataSource for H2 Database: url=jdbc:h2:mem:health_test
[main] - 2026-09-09 23:56:08,855  INFO  com.zaxxer.hikari.HikariDataSource - chat-storage-h2 - Starting...
[main] - 2026-09-09 23:56:09,203  INFO  com.zaxxer.hikari.pool.HikariPool - chat-storage-h2 - Added connection conn0: url=jdbc:h2:mem:health_test user=
[main] - 2026-09-09 23:56:09,205  INFO  com.zaxxer.hikari.HikariDataSource - chat-storage-h2 - Start completed.
[main] - 2026-09-09 23:56:09,205  INFO  c.a.c.s.p.SqlChatStorageProvider - [SQL] Initializing schema for H2 Database
[main] - 2026-09-09 23:56:09,229  ERROR c.a.c.s.p.SqlChatStorageProvider - [SQL] Failed to initialize schema
org.h2.jdbc.JdbcSQLNonTransientException: Unknown data type: "IDX_MESSAGES_CONVERSATION"; SQL statement:
CREATE TABLE IF NOT EXISTS chat_messages (  id VARCHAR(64) PRIMARY KEY,  conversation_id VARCHAR(64) NOT NULL,  sender_id VARCHAR(64) NOT NULL,  sender_email VARCHAR(255),  sender_name VARCHAR(255),  receiver_id VARCHAR(64) NOT NULL,  receiver_email VARCHAR(255),  content TEXT NOT NULL,  message_type VARCHAR(32) DEFAULT 'TEXT',  media_url TEXT,  media_mime_type VARCHAR(128),  media_size BIGINT,  is_read BOOLEAN DEFAULT false,  read_at TIMESTAMP,  status VARCHAR(32) DEFAULT 'SENT',  is_deleted BOOLEAN DEFAULT false,  created_at TIMESTAMP DEFAULT CURRENT_TIMESTAMP,  updated_at TIMESTAMP DEFAULT CURRENT_TIMESTAMP,  metadata TEXT,  tenant_id VARCHAR(64),  INDEX idx_messages_conversation (conversation_id),  INDEX idx_messages_sender (sender_id),  INDEX idx_messages_receiver (receiver_id),  INDEX idx_messages_unread (receiver_id, is_read),  INDEX idx_messages_created (created_at)) [50004-232]
	at org.h2.message.DbException.getJdbcSQLException(DbException.java:566)
	at org.h2.message.DbException.getJdbcSQLException(DbException.java:489)
	at org.h2.message.DbException.get(DbException.java:223)
	at org.h2.message.DbException.get(DbException.java:199)
	at org.h2.command.Parser.readIfDataType1(Parser.java:5860)
	at org.h2.command.Parser.readIfDataType(Parser.java:5698)
	at org.h2.command.Parser.parseColumnWithType(Parser.java:5680)
	at org.h2.command.Parser.parseColumnForTable(Parser.java:5559)
	at org.h2.command.Parser.parseTableColumnDefinition(Parser.java:8876)
	at org.h2.command.Parser.parseCreateTable(Parser.java:8819)
	at org.h2.command.Parser.parseCreate(Parser.java:6398)
	at org.h2.command.Parser.parsePrepared(Parser.java:645)
	at org.h2.command.Parser.parse(Parser.java:581)
	at org.h2.command.Parser.parse(Parser.java:556)
	at org.h2.command.Parser.prepareCommand(Parser.java:484)
	at org.h2.engine.SessionLocal.prepareLocal(SessionLocal.java:645)
	at org.h2.engine.SessionLocal.prepareCommand(SessionLocal.java:561)
	at org.h2.jdbc.JdbcConnection.prepareCommand(JdbcConnection.java:1164)
	at org.h2.jdbc.JdbcStatement.executeUpdateInternal(JdbcStatement.java:190)
	at org.h2.jdbc.JdbcStatement.executeUpdate(JdbcStatement.java:147)
	at com.zaxxer.hikari.pool.ProxyStatement.executeUpdate(ProxyStatement.java:120)
	at com.zaxxer.hikari.pool.HikariProxyStatement.executeUpdate(HikariProxyStatement.java)
	at com.ayush.chat.storage.provider.SqlChatStorageProvider.initializeSchema(SqlChatStorageProvider.java:519)
	at com.ayush.chat.storage.provider.SqlChatStorageProvider.<init>(SqlChatStorageProvider.java:37)
	at com.ayush.chat.storage.ChatStorageFactory.createProvider(ChatStorageFactory.java:60)
	at java.base/java.util.concurrent.ConcurrentHashMap.computeIfAbsent(ConcurrentHashMap.java:1708)
	at com.ayush.chat.storage.ChatStorageFactory.getProvider(ChatStorageFactory.java:48)
	at com.ayush.chat.storage.ChatStorageFactory.getProvider(ChatStorageFactory.java:40)
	at com.ayush.chat.storage.ChatStorageFactoryTest.h2ProviderShouldBeHealthy(ChatStorageFactoryTest.java:270)
	at java.base/jdk.internal.reflect.NativeMethodAccessorImpl.invoke0(Native Method)
	at java.base/jdk.internal.reflect.NativeMethodAccessorImpl.invoke(NativeMethodAccessorImpl.java:77)
	at java.base/jdk.internal.reflect.DelegatingMethodAccessorImpl.invoke(DelegatingMethodAccessorImpl.java:43)
	at java.base/java.lang.reflect.Method.invoke(Method.java:568)
	at org.junit.platform.commons.util.ReflectionUtils.invokeMethod(ReflectionUtils.java:775)
	at org.junit.platform.commons.support.ReflectionSupport.invokeMethod(ReflectionSupport.java:479)
	at org.junit.jupiter.engine.execution.MethodInvocation.proceed(MethodInvocation.java:60)
	at org.junit.jupiter.engine.execution.InvocationInterceptorChain$ValidatingInvocation.proceed(InvocationInterceptorChain.java:131)
	at org.junit.jupiter.engine.extension.TimeoutExtension.intercept(TimeoutExtension.java:161)
	at org.junit.jupiter.engine.extension.TimeoutExtension.interceptTestableMethod(TimeoutExtension.java:152)
	at org.junit.jupiter.engine.extension.TimeoutExtension.interceptTestMethod(TimeoutExtension.java:91)
	at org.junit.jupiter.engine.execution.InterceptingExecutableInvoker$ReflectiveInterceptorCall.lambda$ofVoidMethod$0(InterceptingExecutableInvoker.java:112)
	at org.junit.jupiter.engine.execution.InterceptingExecutableInvoker.lambda$invoke$0(InterceptingExecutableInvoker.java:94)
	at org.junit.jupiter.engine.execution.InvocationInterceptorChain$InterceptedInvocation.proceed(InvocationInterceptorChain.java:106)
	at org.junit.jupiter.engine.execution.InvocationInterceptorChain.proceed(InvocationInterceptorChain.java:64)
	at org.junit.jupiter.engine.execution.InvocationInterceptorChain.chainAndInvoke(InvocationInterceptorChain.java:45)
	at org.junit.jupiter.engine.execution.InvocationInterceptorChain.invoke(InvocationInterceptorChain.java:37)
	at org.junit.jupiter.engine.execution.InterceptingExecutableInvoker.invoke(InterceptingExecutableInvoker.java:93)
	at org.junit.jupiter.engine.execution.InterceptingExecutableInvoker.invoke(InterceptingExecutableInvoker.java:87)
	at org.junit.jupiter.engine.descriptor.TestMethodTestDescriptor.lambda$invokeTestMethod$7(TestMethodTestDescriptor.java:216)
	at org.junit.platform.engine.support.hierarchical.ThrowableCollector.execute(ThrowableCollector.java:73)
	at org.junit.jupiter.engine.descriptor.TestMethodTestDescriptor.invokeTestMethod(TestMethodTestDescriptor.java:212)
	at org.junit.jupiter.engine.descriptor.TestMethodTestDescriptor.execute(TestMethodTestDescriptor.java:137)
	at org.junit.jupiter.engine.descriptor.TestMethodTestDescriptor.execute(TestMethodTestDescriptor.java:69)
	at org.junit.platform.engine.support.hierarchical.NodeTestTask.lambda$executeRecursively$6(NodeTestTask.java:156)
	at org.junit.platform.engine.support.hierarchical.ThrowableCollector.execute(ThrowableCollector.java:73)
	at org.junit.platform.engine.support.hierarchical.NodeTestTask.lambda$executeRecursively$8(NodeTestTask.java:146)
	at org.junit.platform.engine.support.hierarchical.Node.around(Node.java:137)
	at org.junit.platform.engine.support.hierarchical.NodeTestTask.lambda$executeRecursively$9(NodeTestTask.java:144)
	at org.junit.platform.engine.support.hierarchical.ThrowableCollector.execute(ThrowableCollector.java:73)
	at org.junit.platform.engine.support.hierarchical.NodeTestTask.executeRecursively(NodeTestTask.java:143)
	at org.junit.platform.engine.support.hierarchical.NodeTestTask.execute(NodeTestTask.java:100)
	at java.base/java.util.ArrayList.forEach(ArrayList.java:1511)
	at org.junit.platform.engine.support.hierarchical.SameThreadHierarchicalTestExecutorService.invokeAll(SameThreadHierarchicalTestExecutorService.java:41)
	at org.junit.platform.engine.support.hierarchical.NodeTestTask.lambda$executeRecursively$6(NodeTestTask.java:160)
	at org.junit.platform.engine.support.hierarchical.ThrowableCollector.execute(ThrowableCollector.java:73)
	at org.junit.platform.engine.support.hierarchical.NodeTestTask.lambda$executeRecursively$8(NodeTestTask.java:146)
	at org.junit.platform.engine.support.hierarchical.Node.around(Node.java:137)
	at org.junit.platform.engine.support.hierarchical.NodeTestTask.lambda$executeRecursively$9(NodeTestTask.java:144)
	at org.junit.platform.engine.support.hierarchical.ThrowableCollector.execute(ThrowableCollector.java:73)
	at org.junit.platform.engine.support.hierarchical.NodeTestTask.executeRecursively(NodeTestTask.java:143)
	at org.junit.platform.engine.support.hierarchical.NodeTestTask.execute(NodeTestTask.java:100)
	at java.base/java.util.ArrayList.forEach(ArrayList.java:1511)
	at org.junit.platform.engine.support.hierarchical.SameThreadHierarchicalTestExecutorService.invokeAll(SameThreadHierarchicalTestExecutorService.java:41)
	at org.junit.platform.engine.support.hierarchical.NodeTestTask.lambda$executeRecursively$6(NodeTestTask.java:160)
	at org.junit.platform.engine.support.hierarchical.ThrowableCollector.execute(ThrowableCollector.java:73)
	at org.junit.platform.engine.support.hierarchical.NodeTestTask.lambda$executeRecursively$8(NodeTestTask.java:146)
	at org.junit.platform.engine.support.hierarchical.Node.around(Node.java:137)
	at org.junit.platform.engine.support.hierarchical.NodeTestTask.lambda$executeRecursively$9(NodeTestTask.java:144)
	at org.junit.platform.engine.support.hierarchical.ThrowableCollector.execute(ThrowableCollector.java:73)
	at org.junit.platform.engine.support.hierarchical.NodeTestTask.executeRecursively(NodeTestTask.java:143)
	at org.junit.platform.engine.support.hierarchical.NodeTestTask.execute(NodeTestTask.java:100)
	at org.junit.platform.engine.support.hierarchical.SameThreadHierarchicalTestExecutorService.submit(SameThreadHierarchicalTestExecutorService.java:35)
	at org.junit.platform.engine.support.hierarchical.HierarchicalTestExecutor.execute(HierarchicalTestExecutor.java:57)
	at org.junit.platform.engine.support.hierarchical.HierarchicalTestEngine.execute(HierarchicalTestEngine.java:54)
	at org.junit.platform.launcher.core.EngineExecutionOrchestrator.execute(EngineExecutionOrchestrator.java:201)
	at org.junit.platform.launcher.core.EngineExecutionOrchestrator.execute(EngineExecutionOrchestrator.java:170)
	at org.junit.platform.launcher.core.EngineExecutionOrchestrator.execute(EngineExecutionOrchestrator.java:94)
	at org.junit.platform.launcher.core.EngineExecutionOrchestrator.lambda$execute$0(EngineExecutionOrchestrator.java:59)
	at org.junit.platform.launcher.core.EngineExecutionOrchestrator.withInterceptedStreams(EngineExecutionOrchestrator.java:142)
	at org.junit.platform.launcher.core.EngineExecutionOrchestrator.execute(EngineExecutionOrchestrator.java:58)
	at org.junit.platform.launcher.core.DefaultLauncher.execute(DefaultLauncher.java:103)
	at org.junit.platform.launcher.core.DefaultLauncher.execute(DefaultLauncher.java:85)
	at org.junit.platform.launcher.core.DelegatingLauncher.execute(DelegatingLauncher.java:47)
	at org.junit.platform.launcher.core.InterceptingLauncher.lambda$execute$1(InterceptingLauncher.java:39)
	at org.junit.platform.launcher.core.ClasspathAlignmentCheckingLauncherInterceptor.intercept(ClasspathAlignmentCheckingLauncherInterceptor.java:25)
	at org.junit.platform.launcher.core.InterceptingLauncher.execute(InterceptingLauncher.java:38)
	at org.junit.platform.launcher.core.DelegatingLauncher.execute(DelegatingLauncher.java:47)
	at org.apache.maven.surefire.junitplatform.LazyLauncher.execute(LazyLauncher.java:56)
	at org.apache.maven.surefire.junitplatform.JUnitPlatformProvider.execute(JUnitPlatformProvider.java:194)
	at org.apache.maven.surefire.junitplatform.JUnitPlatformProvider.invokeAllTests(JUnitPlatformProvider.java:150)
	at org.apache.maven.surefire.junitplatform.JUnitPlatformProvider.invoke(JUnitPlatformProvider.java:124)
	at org.apache.maven.surefire.booter.ForkedBooter.runSuitesInProcess(ForkedBooter.java:385)
	at org.apache.maven.surefire.booter.ForkedBooter.execute(ForkedBooter.java:162)
	at org.apache.maven.surefire.booter.ForkedBooter.run(ForkedBooter.java:507)
	at org.apache.maven.surefire.booter.ForkedBooter.main(ForkedBooter.java:495)
[main] - 2026-09-09 23:56:09,257  INFO  c.a.chat.storage.ChatStorageFactory - Creating ChatStorageProvider for: H2 Database
[main] - 2026-09-09 23:56:09,260  INFO  c.a.chat.storage.ChatStorageFactory - [SQL] Using H2 Database: url=jdbc:h2:mem:test_factory
[main] - 2026-09-09 23:56:09,260  INFO  c.a.c.s.p.SqlChatStorageProvider - [SQL] Creating DataSource for H2 Database: url=jdbc:h2:mem:test_factory
[main] - 2026-09-09 23:56:09,260  INFO  com.zaxxer.hikari.HikariDataSource - chat-storage-h2 - Starting...
[main] - 2026-09-09 23:56:09,262  INFO  com.zaxxer.hikari.pool.HikariPool - chat-storage-h2 - Added connection conn1: url=jdbc:h2:mem:test_factory user=
[main] - 2026-09-09 23:56:09,262  INFO  com.zaxxer.hikari.HikariDataSource - chat-storage-h2 - Start completed.
[main] - 2026-09-09 23:56:09,262  INFO  c.a.c.s.p.SqlChatStorageProvider - [SQL] Initializing schema for H2 Database
[main] - 2026-09-09 23:56:09,265  ERROR c.a.c.s.p.SqlChatStorageProvider - [SQL] Failed to initialize schema
org.h2.jdbc.JdbcSQLNonTransientException: Unknown data type: "IDX_MESSAGES_CONVERSATION"; SQL statement:
CREATE TABLE IF NOT EXISTS chat_messages (  id VARCHAR(64) PRIMARY KEY,  conversation_id VARCHAR(64) NOT NULL,  sender_id VARCHAR(64) NOT NULL,  sender_email VARCHAR(255),  sender_name VARCHAR(255),  receiver_id VARCHAR(64) NOT NULL,  receiver_email VARCHAR(255),  content TEXT NOT NULL,  message_type VARCHAR(32) DEFAULT 'TEXT',  media_url TEXT,  media_mime_type VARCHAR(128),  media_size BIGINT,  is_read BOOLEAN DEFAULT false,  read_at TIMESTAMP,  status VARCHAR(32) DEFAULT 'SENT',  is_deleted BOOLEAN DEFAULT false,  created_at TIMESTAMP DEFAULT CURRENT_TIMESTAMP,  updated_at TIMESTAMP DEFAULT CURRENT_TIMESTAMP,  metadata TEXT,  tenant_id VARCHAR(64),  INDEX idx_messages_conversation (conversation_id),  INDEX idx_messages_sender (sender_id),  INDEX idx_messages_receiver (receiver_id),  INDEX idx_messages_unread (receiver_id, is_read),  INDEX idx_messages_created (created_at)) [50004-232]
	at org.h2.message.DbException.getJdbcSQLException(DbException.java:566)
	at org.h2.message.DbException.getJdbcSQLException(DbException.java:489)
	at org.h2.message.DbException.get(DbException.java:223)
	at org.h2.message.DbException.get(DbException.java:199)
	at org.h2.command.Parser.readIfDataType1(Parser.java:5860)
	at org.h2.command.Parser.readIfDataType(Parser.java:5698)
	at org.h2.command.Parser.parseColumnWithType(Parser.java:5680)
	at org.h2.command.Parser.parseColumnForTable(Parser.java:5559)
	at org.h2.command.Parser.parseTableColumnDefinition(Parser.java:8876)
	at org.h2.command.Parser.parseCreateTable(Parser.java:8819)
	at org.h2.command.Parser.parseCreate(Parser.java:6398)
	at org.h2.command.Parser.parsePrepared(Parser.java:645)
	at org.h2.command.Parser.parse(Parser.java:581)
	at org.h2.command.Parser.parse(Parser.java:556)
	at org.h2.command.Parser.prepareCommand(Parser.java:484)
	at org.h2.engine.SessionLocal.prepareLocal(SessionLocal.java:645)
	at org.h2.engine.SessionLocal.prepareCommand(SessionLocal.java:561)
	at org.h2.jdbc.JdbcConnection.prepareCommand(JdbcConnection.java:1164)
	at org.h2.jdbc.JdbcStatement.executeUpdateInternal(JdbcStatement.java:190)
	at org.h2.jdbc.JdbcStatement.executeUpdate(JdbcStatement.java:147)
	at com.zaxxer.hikari.pool.ProxyStatement.executeUpdate(ProxyStatement.java:120)
	at com.zaxxer.hikari.pool.HikariProxyStatement.executeUpdate(HikariProxyStatement.java)
	at com.ayush.chat.storage.provider.SqlChatStorageProvider.initializeSchema(SqlChatStorageProvider.java:519)
	at com.ayush.chat.storage.provider.SqlChatStorageProvider.<init>(SqlChatStorageProvider.java:37)
	at com.ayush.chat.storage.ChatStorageFactory.createProvider(ChatStorageFactory.java:60)
	at java.base/java.util.concurrent.ConcurrentHashMap.computeIfAbsent(ConcurrentHashMap.java:1708)
	at com.ayush.chat.storage.ChatStorageFactory.getProvider(ChatStorageFactory.java:48)
	at com.ayush.chat.storage.ChatStorageFactory.getProvider(ChatStorageFactory.java:40)
	at com.ayush.chat.storage.ChatStorageFactoryTest.shouldCreateH2Provider(ChatStorageFactoryTest.java:41)
	at java.base/jdk.internal.reflect.NativeMethodAccessorImpl.invoke0(Native Method)
	at java.base/jdk.internal.reflect.NativeMethodAccessorImpl.invoke(NativeMethodAccessorImpl.java:77)
	at java.base/jdk.internal.reflect.DelegatingMethodAccessorImpl.invoke(DelegatingMethodAccessorImpl.java:43)
	at java.base/java.lang.reflect.Method.invoke(Method.java:568)
	at org.junit.platform.commons.util.ReflectionUtils.invokeMethod(ReflectionUtils.java:775)
	at org.junit.platform.commons.support.ReflectionSupport.invokeMethod(ReflectionSupport.java:479)
	at org.junit.jupiter.engine.execution.MethodInvocation.proceed(MethodInvocation.java:60)
	at org.junit.jupiter.engine.execution.InvocationInterceptorChain$ValidatingInvocation.proceed(InvocationInterceptorChain.java:131)
	at org.junit.jupiter.engine.extension.TimeoutExtension.intercept(TimeoutExtension.java:161)
	at org.junit.jupiter.engine.extension.TimeoutExtension.interceptTestableMethod(TimeoutExtension.java:152)
	at org.junit.jupiter.engine.extension.TimeoutExtension.interceptTestMethod(TimeoutExtension.java:91)
	at org.junit.jupiter.engine.execution.InterceptingExecutableInvoker$ReflectiveInterceptorCall.lambda$ofVoidMethod$0(InterceptingExecutableInvoker.java:112)
	at org.junit.jupiter.engine.execution.InterceptingExecutableInvoker.lambda$invoke$0(InterceptingExecutableInvoker.java:94)
	at org.junit.jupiter.engine.execution.InvocationInterceptorChain$InterceptedInvocation.proceed(InvocationInterceptorChain.java:106)
	at org.junit.jupiter.engine.execution.InvocationInterceptorChain.proceed(InvocationInterceptorChain.java:64)
	at org.junit.jupiter.engine.execution.InvocationInterceptorChain.chainAndInvoke(InvocationInterceptorChain.java:45)
	at org.junit.jupiter.engine.execution.InvocationInterceptorChain.invoke(InvocationInterceptorChain.java:37)
	at org.junit.jupiter.engine.execution.InterceptingExecutableInvoker.invoke(InterceptingExecutableInvoker.java:93)
	at org.junit.jupiter.engine.execution.InterceptingExecutableInvoker.invoke(InterceptingExecutableInvoker.java:87)
	at org.junit.jupiter.engine.descriptor.TestMethodTestDescriptor.lambda$invokeTestMethod$7(TestMethodTestDescriptor.java:216)
	at org.junit.platform.engine.support.hierarchical.ThrowableCollector.execute(ThrowableCollector.java:73)
	at org.junit.jupiter.engine.descriptor.TestMethodTestDescriptor.invokeTestMethod(TestMethodTestDescriptor.java:212)
	at org.junit.jupiter.engine.descriptor.TestMethodTestDescriptor.execute(TestMethodTestDescriptor.java:137)
	at org.junit.jupiter.engine.descriptor.TestMethodTestDescriptor.execute(TestMethodTestDescriptor.java:69)
	at org.junit.platform.engine.support.hierarchical.NodeTestTask.lambda$executeRecursively$6(NodeTestTask.java:156)
	at org.junit.platform.engine.support.hierarchical.ThrowableCollector.execute(ThrowableCollector.java:73)
	at org.junit.platform.engine.support.hierarchical.NodeTestTask.lambda$executeRecursively$8(NodeTestTask.java:146)
	at org.junit.platform.engine.support.hierarchical.Node.around(Node.java:137)
	at org.junit.platform.engine.support.hierarchical.NodeTestTask.lambda$executeRecursively$9(NodeTestTask.java:144)
	at org.junit.platform.engine.support.hierarchical.ThrowableCollector.execute(ThrowableCollector.java:73)
	at org.junit.platform.engine.support.hierarchical.NodeTestTask.executeRecursively(NodeTestTask.java:143)
	at org.junit.platform.engine.support.hierarchical.NodeTestTask.execute(NodeTestTask.java:100)
	at java.base/java.util.ArrayList.forEach(ArrayList.java:1511)
	at org.junit.platform.engine.support.hierarchical.SameThreadHierarchicalTestExecutorService.invokeAll(SameThreadHierarchicalTestExecutorService.java:41)
	at org.junit.platform.engine.support.hierarchical.NodeTestTask.lambda$executeRecursively$6(NodeTestTask.java:160)
	at org.junit.platform.engine.support.hierarchical.ThrowableCollector.execute(ThrowableCollector.java:73)
	at org.junit.platform.engine.support.hierarchical.NodeTestTask.lambda$executeRecursively$8(NodeTestTask.java:146)
	at org.junit.platform.engine.support.hierarchical.Node.around(Node.java:137)
	at org.junit.platform.engine.support.hierarchical.NodeTestTask.lambda$executeRecursively$9(NodeTestTask.java:144)
	at org.junit.platform.engine.support.hierarchical.ThrowableCollector.execute(ThrowableCollector.java:73)
	at org.junit.platform.engine.support.hierarchical.NodeTestTask.executeRecursively(NodeTestTask.java:143)
	at org.junit.platform.engine.support.hierarchical.NodeTestTask.execute(NodeTestTask.java:100)
	at java.base/java.util.ArrayList.forEach(ArrayList.java:1511)
	at org.junit.platform.engine.support.hierarchical.SameThreadHierarchicalTestExecutorService.invokeAll(SameThreadHierarchicalTestExecutorService.java:41)
	at org.junit.platform.engine.support.hierarchical.NodeTestTask.lambda$executeRecursively$6(NodeTestTask.java:160)
	at org.junit.platform.engine.support.hierarchical.ThrowableCollector.execute(ThrowableCollector.java:73)
	at org.junit.platform.engine.support.hierarchical.NodeTestTask.lambda$executeRecursively$8(NodeTestTask.java:146)
	at org.junit.platform.engine.support.hierarchical.Node.around(Node.java:137)
	at org.junit.platform.engine.support.hierarchical.NodeTestTask.lambda$executeRecursively$9(NodeTestTask.java:144)
	at org.junit.platform.engine.support.hierarchical.ThrowableCollector.execute(ThrowableCollector.java:73)
	at org.junit.platform.engine.support.hierarchical.NodeTestTask.executeRecursively(NodeTestTask.java:143)
	at org.junit.platform.engine.support.hierarchical.NodeTestTask.execute(NodeTestTask.java:100)
	at org.junit.platform.engine.support.hierarchical.SameThreadHierarchicalTestExecutorService.submit(SameThreadHierarchicalTestExecutorService.java:35)
	at org.junit.platform.engine.support.hierarchical.HierarchicalTestExecutor.execute(HierarchicalTestExecutor.java:57)
	at org.junit.platform.engine.support.hierarchical.HierarchicalTestEngine.execute(HierarchicalTestEngine.java:54)
	at org.junit.platform.launcher.core.EngineExecutionOrchestrator.execute(EngineExecutionOrchestrator.java:201)
	at org.junit.platform.launcher.core.EngineExecutionOrchestrator.execute(EngineExecutionOrchestrator.java:170)
	at org.junit.platform.launcher.core.EngineExecutionOrchestrator.execute(EngineExecutionOrchestrator.java:94)
	at org.junit.platform.launcher.core.EngineExecutionOrchestrator.lambda$execute$0(EngineExecutionOrchestrator.java:59)
	at org.junit.platform.launcher.core.EngineExecutionOrchestrator.withInterceptedStreams(EngineExecutionOrchestrator.java:142)
	at org.junit.platform.launcher.core.EngineExecutionOrchestrator.execute(EngineExecutionOrchestrator.java:58)
	at org.junit.platform.launcher.core.DefaultLauncher.execute(DefaultLauncher.java:103)
	at org.junit.platform.launcher.core.DefaultLauncher.execute(DefaultLauncher.java:85)
	at org.junit.platform.launcher.core.DelegatingLauncher.execute(DelegatingLauncher.java:47)
	at org.junit.platform.launcher.core.InterceptingLauncher.lambda$execute$1(InterceptingLauncher.java:39)
	at org.junit.platform.launcher.core.ClasspathAlignmentCheckingLauncherInterceptor.intercept(ClasspathAlignmentCheckingLauncherInterceptor.java:25)
	at org.junit.platform.launcher.core.InterceptingLauncher.execute(InterceptingLauncher.java:38)
	at org.junit.platform.launcher.core.DelegatingLauncher.execute(DelegatingLauncher.java:47)
	at org.apache.maven.surefire.junitplatform.LazyLauncher.execute(LazyLauncher.java:56)
	at org.apache.maven.surefire.junitplatform.JUnitPlatformProvider.execute(JUnitPlatformProvider.java:194)
	at org.apache.maven.surefire.junitplatform.JUnitPlatformProvider.invokeAllTests(JUnitPlatformProvider.java:150)
	at org.apache.maven.surefire.junitplatform.JUnitPlatformProvider.invoke(JUnitPlatformProvider.java:124)
	at org.apache.maven.surefire.booter.ForkedBooter.runSuitesInProcess(ForkedBooter.java:385)
	at org.apache.maven.surefire.booter.ForkedBooter.execute(ForkedBooter.java:162)
	at org.apache.maven.surefire.booter.ForkedBooter.run(ForkedBooter.java:507)
	at org.apache.maven.surefire.booter.ForkedBooter.main(ForkedBooter.java:495)
[main] - 2026-09-09 23:56:09,270  INFO  c.a.chat.storage.ChatStorageFactory - Creating ChatStorageProvider for: H2 Database
[main] - 2026-09-09 23:56:09,270  INFO  c.a.chat.storage.ChatStorageFactory - [SQL] Using H2 Database: url=jdbc:h2:mem:default_type_test
[main] - 2026-09-09 23:56:09,270  INFO  c.a.c.s.p.SqlChatStorageProvider - [SQL] Creating DataSource for H2 Database: url=jdbc:h2:mem:default_type_test
[main] - 2026-09-09 23:56:09,272  INFO  com.zaxxer.hikari.HikariDataSource - chat-storage-h2 - Starting...
[main] - 2026-09-09 23:56:09,274  INFO  com.zaxxer.hikari.pool.HikariPool - chat-storage-h2 - Added connection conn2: url=jdbc:h2:mem:default_type_test user=
[main] - 2026-09-09 23:56:09,276  INFO  com.zaxxer.hikari.HikariDataSource - chat-storage-h2 - Start completed.
[main] - 2026-09-09 23:56:09,276  INFO  c.a.c.s.p.SqlChatStorageProvider - [SQL] Initializing schema for H2 Database
[main] - 2026-09-09 23:56:09,276  ERROR c.a.c.s.p.SqlChatStorageProvider - [SQL] Failed to initialize schema
org.h2.jdbc.JdbcSQLNonTransientException: Unknown data type: "IDX_MESSAGES_CONVERSATION"; SQL statement:
CREATE TABLE IF NOT EXISTS chat_messages (  id VARCHAR(64) PRIMARY KEY,  conversation_id VARCHAR(64) NOT NULL,  sender_id VARCHAR(64) NOT NULL,  sender_email VARCHAR(255),  sender_name VARCHAR(255),  receiver_id VARCHAR(64) NOT NULL,  receiver_email VARCHAR(255),  content TEXT NOT NULL,  message_type VARCHAR(32) DEFAULT 'TEXT',  media_url TEXT,  media_mime_type VARCHAR(128),  media_size BIGINT,  is_read BOOLEAN DEFAULT false,  read_at TIMESTAMP,  status VARCHAR(32) DEFAULT 'SENT',  is_deleted BOOLEAN DEFAULT false,  created_at TIMESTAMP DEFAULT CURRENT_TIMESTAMP,  updated_at TIMESTAMP DEFAULT CURRENT_TIMESTAMP,  metadata TEXT,  tenant_id VARCHAR(64),  INDEX idx_messages_conversation (conversation_id),  INDEX idx_messages_sender (sender_id),  INDEX idx_messages_receiver (receiver_id),  INDEX idx_messages_unread (receiver_id, is_read),  INDEX idx_messages_created (created_at)) [50004-232]
	at org.h2.message.DbException.getJdbcSQLException(DbException.java:566)
	at org.h2.message.DbException.getJdbcSQLException(DbException.java:489)
	at org.h2.message.DbException.get(DbException.java:223)
	at org.h2.message.DbException.get(DbException.java:199)
	at org.h2.command.Parser.readIfDataType1(Parser.java:5860)
	at org.h2.command.Parser.readIfDataType(Parser.java:5698)
	at org.h2.command.Parser.parseColumnWithType(Parser.java:5680)
	at org.h2.command.Parser.parseColumnForTable(Parser.java:5559)
	at org.h2.command.Parser.parseTableColumnDefinition(Parser.java:8876)
	at org.h2.command.Parser.parseCreateTable(Parser.java:8819)
	at org.h2.command.Parser.parseCreate(Parser.java:6398)
	at org.h2.command.Parser.parsePrepared(Parser.java:645)
	at org.h2.command.Parser.parse(Parser.java:581)
	at org.h2.command.Parser.parse(Parser.java:556)
	at org.h2.command.Parser.prepareCommand(Parser.java:484)
	at org.h2.engine.SessionLocal.prepareLocal(SessionLocal.java:645)
	at org.h2.engine.SessionLocal.prepareCommand(SessionLocal.java:561)
	at org.h2.jdbc.JdbcConnection.prepareCommand(JdbcConnection.java:1164)
	at org.h2.jdbc.JdbcStatement.executeUpdateInternal(JdbcStatement.java:190)
	at org.h2.jdbc.JdbcStatement.executeUpdate(JdbcStatement.java:147)
	at com.zaxxer.hikari.pool.ProxyStatement.executeUpdate(ProxyStatement.java:120)
	at com.zaxxer.hikari.pool.HikariProxyStatement.executeUpdate(HikariProxyStatement.java)
	at com.ayush.chat.storage.provider.SqlChatStorageProvider.initializeSchema(SqlChatStorageProvider.java:519)
	at com.ayush.chat.storage.provider.SqlChatStorageProvider.<init>(SqlChatStorageProvider.java:37)
	at com.ayush.chat.storage.ChatStorageFactory.createProvider(ChatStorageFactory.java:60)
	at java.base/java.util.concurrent.ConcurrentHashMap.computeIfAbsent(ConcurrentHashMap.java:1708)
	at com.ayush.chat.storage.ChatStorageFactory.getProvider(ChatStorageFactory.java:48)
	at com.ayush.chat.storage.ChatStorageFactory.getProvider(ChatStorageFactory.java:40)
	at com.ayush.chat.storage.ChatStorageFactoryTest.getProviderByTypeShouldUseDefaultConfiguredType(ChatStorageFactoryTest.java:111)
	at java.base/jdk.internal.reflect.NativeMethodAccessorImpl.invoke0(Native Method)
	at java.base/jdk.internal.reflect.NativeMethodAccessorImpl.invoke(NativeMethodAccessorImpl.java:77)
	at java.base/jdk.internal.reflect.DelegatingMethodAccessorImpl.invoke(DelegatingMethodAccessorImpl.java:43)
	at java.base/java.lang.reflect.Method.invoke(Method.java:568)
	at org.junit.platform.commons.util.ReflectionUtils.invokeMethod(ReflectionUtils.java:775)
	at org.junit.platform.commons.support.ReflectionSupport.invokeMethod(ReflectionSupport.java:479)
	at org.junit.jupiter.engine.execution.MethodInvocation.proceed(MethodInvocation.java:60)
	at org.junit.jupiter.engine.execution.InvocationInterceptorChain$ValidatingInvocation.proceed(InvocationInterceptorChain.java:131)
	at org.junit.jupiter.engine.extension.TimeoutExtension.intercept(TimeoutExtension.java:161)
	at org.junit.jupiter.engine.extension.TimeoutExtension.interceptTestableMethod(TimeoutExtension.java:152)
	at org.junit.jupiter.engine.extension.TimeoutExtension.interceptTestMethod(TimeoutExtension.java:91)
	at org.junit.jupiter.engine.execution.InterceptingExecutableInvoker$ReflectiveInterceptorCall.lambda$ofVoidMethod$0(InterceptingExecutableInvoker.java:112)
	at org.junit.jupiter.engine.execution.InterceptingExecutableInvoker.lambda$invoke$0(InterceptingExecutableInvoker.java:94)
	at org.junit.jupiter.engine.execution.InvocationInterceptorChain$InterceptedInvocation.proceed(InvocationInterceptorChain.java:106)
	at org.junit.jupiter.engine.execution.InvocationInterceptorChain.proceed(InvocationInterceptorChain.java:64)
	at org.junit.jupiter.engine.execution.InvocationInterceptorChain.chainAndInvoke(InvocationInterceptorChain.java:45)
	at org.junit.jupiter.engine.execution.InvocationInterceptorChain.invoke(InvocationInterceptorChain.java:37)
	at org.junit.jupiter.engine.execution.InterceptingExecutableInvoker.invoke(InterceptingExecutableInvoker.java:93)
	at org.junit.jupiter.engine.execution.InterceptingExecutableInvoker.invoke(InterceptingExecutableInvoker.java:87)
	at org.junit.jupiter.engine.descriptor.TestMethodTestDescriptor.lambda$invokeTestMethod$7(TestMethodTestDescriptor.java:216)
	at org.junit.platform.engine.support.hierarchical.ThrowableCollector.execute(ThrowableCollector.java:73)
	at org.junit.jupiter.engine.descriptor.TestMethodTestDescriptor.invokeTestMethod(TestMethodTestDescriptor.java:212)
	at org.junit.jupiter.engine.descriptor.TestMethodTestDescriptor.execute(TestMethodTestDescriptor.java:137)
	at org.junit.jupiter.engine.descriptor.TestMethodTestDescriptor.execute(TestMethodTestDescriptor.java:69)
	at org.junit.platform.engine.support.hierarchical.NodeTestTask.lambda$executeRecursively$6(NodeTestTask.java:156)
	at org.junit.platform.engine.support.hierarchical.ThrowableCollector.execute(ThrowableCollector.java:73)
	at org.junit.platform.engine.support.hierarchical.NodeTestTask.lambda$executeRecursively$8(NodeTestTask.java:146)
	at org.junit.platform.engine.support.hierarchical.Node.around(Node.java:137)
	at org.junit.platform.engine.support.hierarchical.NodeTestTask.lambda$executeRecursively$9(NodeTestTask.java:144)
	at org.junit.platform.engine.support.hierarchical.ThrowableCollector.execute(ThrowableCollector.java:73)
	at org.junit.platform.engine.support.hierarchical.NodeTestTask.executeRecursively(NodeTestTask.java:143)
	at org.junit.platform.engine.support.hierarchical.NodeTestTask.execute(NodeTestTask.java:100)
	at java.base/java.util.ArrayList.forEach(ArrayList.java:1511)
	at org.junit.platform.engine.support.hierarchical.SameThreadHierarchicalTestExecutorService.invokeAll(SameThreadHierarchicalTestExecutorService.java:41)
	at org.junit.platform.engine.support.hierarchical.NodeTestTask.lambda$executeRecursively$6(NodeTestTask.java:160)
	at org.junit.platform.engine.support.hierarchical.ThrowableCollector.execute(ThrowableCollector.java:73)
	at org.junit.platform.engine.support.hierarchical.NodeTestTask.lambda$executeRecursively$8(NodeTestTask.java:146)
	at org.junit.platform.engine.support.hierarchical.Node.around(Node.java:137)
	at org.junit.platform.engine.support.hierarchical.NodeTestTask.lambda$executeRecursively$9(NodeTestTask.java:144)
	at org.junit.platform.engine.support.hierarchical.ThrowableCollector.execute(ThrowableCollector.java:73)
	at org.junit.platform.engine.support.hierarchical.NodeTestTask.executeRecursively(NodeTestTask.java:143)
	at org.junit.platform.engine.support.hierarchical.NodeTestTask.execute(NodeTestTask.java:100)
	at java.base/java.util.ArrayList.forEach(ArrayList.java:1511)
	at org.junit.platform.engine.support.hierarchical.SameThreadHierarchicalTestExecutorService.invokeAll(SameThreadHierarchicalTestExecutorService.java:41)
	at org.junit.platform.engine.support.hierarchical.NodeTestTask.lambda$executeRecursively$6(NodeTestTask.java:160)
	at org.junit.platform.engine.support.hierarchical.ThrowableCollector.execute(ThrowableCollector.java:73)
	at org.junit.platform.engine.support.hierarchical.NodeTestTask.lambda$executeRecursively$8(NodeTestTask.java:146)
	at org.junit.platform.engine.support.hierarchical.Node.around(Node.java:137)
	at org.junit.platform.engine.support.hierarchical.NodeTestTask.lambda$executeRecursively$9(NodeTestTask.java:144)
	at org.junit.platform.engine.support.hierarchical.ThrowableCollector.execute(ThrowableCollector.java:73)
	at org.junit.platform.engine.support.hierarchical.NodeTestTask.executeRecursively(NodeTestTask.java:143)
	at org.junit.platform.engine.support.hierarchical.NodeTestTask.execute(NodeTestTask.java:100)
	at org.junit.platform.engine.support.hierarchical.SameThreadHierarchicalTestExecutorService.submit(SameThreadHierarchicalTestExecutorService.java:35)
	at org.junit.platform.engine.support.hierarchical.HierarchicalTestExecutor.execute(HierarchicalTestExecutor.java:57)
	at org.junit.platform.engine.support.hierarchical.HierarchicalTestEngine.execute(HierarchicalTestEngine.java:54)
	at org.junit.platform.launcher.core.EngineExecutionOrchestrator.execute(EngineExecutionOrchestrator.java:201)
	at org.junit.platform.launcher.core.EngineExecutionOrchestrator.execute(EngineExecutionOrchestrator.java:170)
	at org.junit.platform.launcher.core.EngineExecutionOrchestrator.execute(EngineExecutionOrchestrator.java:94)
	at org.junit.platform.launcher.core.EngineExecutionOrchestrator.lambda$execute$0(EngineExecutionOrchestrator.java:59)
	at org.junit.platform.launcher.core.EngineExecutionOrchestrator.withInterceptedStreams(EngineExecutionOrchestrator.java:142)
	at org.junit.platform.launcher.core.EngineExecutionOrchestrator.execute(EngineExecutionOrchestrator.java:58)
	at org.junit.platform.launcher.core.DefaultLauncher.execute(DefaultLauncher.java:103)
	at org.junit.platform.launcher.core.DefaultLauncher.execute(DefaultLauncher.java:85)
	at org.junit.platform.launcher.core.DelegatingLauncher.execute(DelegatingLauncher.java:47)
	at org.junit.platform.launcher.core.InterceptingLauncher.lambda$execute$1(InterceptingLauncher.java:39)
	at org.junit.platform.launcher.core.ClasspathAlignmentCheckingLauncherInterceptor.intercept(ClasspathAlignmentCheckingLauncherInterceptor.java:25)
	at org.junit.platform.launcher.core.InterceptingLauncher.execute(InterceptingLauncher.java:38)
	at org.junit.platform.launcher.core.DelegatingLauncher.execute(DelegatingLauncher.java:47)
	at org.apache.maven.surefire.junitplatform.LazyLauncher.execute(LazyLauncher.java:56)
	at org.apache.maven.surefire.junitplatform.JUnitPlatformProvider.execute(JUnitPlatformProvider.java:194)
	at org.apache.maven.surefire.junitplatform.JUnitPlatformProvider.invokeAllTests(JUnitPlatformProvider.java:150)
	at org.apache.maven.surefire.junitplatform.JUnitPlatformProvider.invoke(JUnitPlatformProvider.java:124)
	at org.apache.maven.surefire.booter.ForkedBooter.runSuitesInProcess(ForkedBooter.java:385)
	at org.apache.maven.surefire.booter.ForkedBooter.execute(ForkedBooter.java:162)
	at org.apache.maven.surefire.booter.ForkedBooter.run(ForkedBooter.java:507)
	at org.apache.maven.surefire.booter.ForkedBooter.main(ForkedBooter.java:495)
[main] - 2026-09-09 23:56:09,280  INFO  c.a.chat.storage.ChatStorageFactory - Creating ChatStorageProvider for: H2 Database
[main] - 2026-09-09 23:56:09,280  INFO  c.a.chat.storage.ChatStorageFactory - [SQL] Using H2 Database: url=jdbc:h2:mem:cache_type_test
[main] - 2026-09-09 23:56:09,280  INFO  c.a.c.s.p.SqlChatStorageProvider - [SQL] Creating DataSource for H2 Database: url=jdbc:h2:mem:cache_type_test
[main] - 2026-09-09 23:56:09,280  INFO  com.zaxxer.hikari.HikariDataSource - chat-storage-h2 - Starting...
[main] - 2026-09-09 23:56:09,282  INFO  com.zaxxer.hikari.pool.HikariPool - chat-storage-h2 - Added connection conn3: url=jdbc:h2:mem:cache_type_test user=
[main] - 2026-09-09 23:56:09,282  INFO  com.zaxxer.hikari.HikariDataSource - chat-storage-h2 - Start completed.
[main] - 2026-09-09 23:56:09,282  INFO  c.a.c.s.p.SqlChatStorageProvider - [SQL] Initializing schema for H2 Database
[main] - 2026-09-09 23:56:09,282  ERROR c.a.c.s.p.SqlChatStorageProvider - [SQL] Failed to initialize schema
org.h2.jdbc.JdbcSQLNonTransientException: Unknown data type: "IDX_MESSAGES_CONVERSATION"; SQL statement:
CREATE TABLE IF NOT EXISTS chat_messages (  id VARCHAR(64) PRIMARY KEY,  conversation_id VARCHAR(64) NOT NULL,  sender_id VARCHAR(64) NOT NULL,  sender_email VARCHAR(255),  sender_name VARCHAR(255),  receiver_id VARCHAR(64) NOT NULL,  receiver_email VARCHAR(255),  content TEXT NOT NULL,  message_type VARCHAR(32) DEFAULT 'TEXT',  media_url TEXT,  media_mime_type VARCHAR(128),  media_size BIGINT,  is_read BOOLEAN DEFAULT false,  read_at TIMESTAMP,  status VARCHAR(32) DEFAULT 'SENT',  is_deleted BOOLEAN DEFAULT false,  created_at TIMESTAMP DEFAULT CURRENT_TIMESTAMP,  updated_at TIMESTAMP DEFAULT CURRENT_TIMESTAMP,  metadata TEXT,  tenant_id VARCHAR(64),  INDEX idx_messages_conversation (conversation_id),  INDEX idx_messages_sender (sender_id),  INDEX idx_messages_receiver (receiver_id),  INDEX idx_messages_unread (receiver_id, is_read),  INDEX idx_messages_created (created_at)) [50004-232]
	at org.h2.message.DbException.getJdbcSQLException(DbException.java:566)
	at org.h2.message.DbException.getJdbcSQLException(DbException.java:489)
	at org.h2.message.DbException.get(DbException.java:223)
	at org.h2.message.DbException.get(DbException.java:199)
	at org.h2.command.Parser.readIfDataType1(Parser.java:5860)
	at org.h2.command.Parser.readIfDataType(Parser.java:5698)
	at org.h2.command.Parser.parseColumnWithType(Parser.java:5680)
	at org.h2.command.Parser.parseColumnForTable(Parser.java:5559)
	at org.h2.command.Parser.parseTableColumnDefinition(Parser.java:8876)
	at org.h2.command.Parser.parseCreateTable(Parser.java:8819)
	at org.h2.command.Parser.parseCreate(Parser.java:6398)
	at org.h2.command.Parser.parsePrepared(Parser.java:645)
	at org.h2.command.Parser.parse(Parser.java:581)
	at org.h2.command.Parser.parse(Parser.java:556)
	at org.h2.command.Parser.prepareCommand(Parser.java:484)
	at org.h2.engine.SessionLocal.prepareLocal(SessionLocal.java:645)
	at org.h2.engine.SessionLocal.prepareCommand(SessionLocal.java:561)
	at org.h2.jdbc.JdbcConnection.prepareCommand(JdbcConnection.java:1164)
	at org.h2.jdbc.JdbcStatement.executeUpdateInternal(JdbcStatement.java:190)
	at org.h2.jdbc.JdbcStatement.executeUpdate(JdbcStatement.java:147)
	at com.zaxxer.hikari.pool.ProxyStatement.executeUpdate(ProxyStatement.java:120)
	at com.zaxxer.hikari.pool.HikariProxyStatement.executeUpdate(HikariProxyStatement.java)
	at com.ayush.chat.storage.provider.SqlChatStorageProvider.initializeSchema(SqlChatStorageProvider.java:519)
	at com.ayush.chat.storage.provider.SqlChatStorageProvider.<init>(SqlChatStorageProvider.java:37)
	at com.ayush.chat.storage.ChatStorageFactory.createProvider(ChatStorageFactory.java:60)
	at java.base/java.util.concurrent.ConcurrentHashMap.computeIfAbsent(ConcurrentHashMap.java:1708)
	at com.ayush.chat.storage.ChatStorageFactory.getProvider(ChatStorageFactory.java:48)
	at com.ayush.chat.storage.ChatStorageFactoryTest.shouldReturnSameProviderForSpecificType(ChatStorageFactoryTest.java:98)
	at java.base/jdk.internal.reflect.NativeMethodAccessorImpl.invoke0(Native Method)
	at java.base/jdk.internal.reflect.NativeMethodAccessorImpl.invoke(NativeMethodAccessorImpl.java:77)
	at java.base/jdk.internal.reflect.DelegatingMethodAccessorImpl.invoke(DelegatingMethodAccessorImpl.java:43)
	at java.base/java.lang.reflect.Method.invoke(Method.java:568)
	at org.junit.platform.commons.util.ReflectionUtils.invokeMethod(ReflectionUtils.java:775)
	at org.junit.platform.commons.support.ReflectionSupport.invokeMethod(ReflectionSupport.java:479)
	at org.junit.jupiter.engine.execution.MethodInvocation.proceed(MethodInvocation.java:60)
	at org.junit.jupiter.engine.execution.InvocationInterceptorChain$ValidatingInvocation.proceed(InvocationInterceptorChain.java:131)
	at org.junit.jupiter.engine.extension.TimeoutExtension.intercept(TimeoutExtension.java:161)
	at org.junit.jupiter.engine.extension.TimeoutExtension.interceptTestableMethod(TimeoutExtension.java:152)
	at org.junit.jupiter.engine.extension.TimeoutExtension.interceptTestMethod(TimeoutExtension.java:91)
	at org.junit.jupiter.engine.execution.InterceptingExecutableInvoker$ReflectiveInterceptorCall.lambda$ofVoidMethod$0(InterceptingExecutableInvoker.java:112)
	at org.junit.jupiter.engine.execution.InterceptingExecutableInvoker.lambda$invoke$0(InterceptingExecutableInvoker.java:94)
	at org.junit.jupiter.engine.execution.InvocationInterceptorChain$InterceptedInvocation.proceed(InvocationInterceptorChain.java:106)
	at org.junit.jupiter.engine.execution.InvocationInterceptorChain.proceed(InvocationInterceptorChain.java:64)
	at org.junit.jupiter.engine.execution.InvocationInterceptorChain.chainAndInvoke(InvocationInterceptorChain.java:45)
	at org.junit.jupiter.engine.execution.InvocationInterceptorChain.invoke(InvocationInterceptorChain.java:37)
	at org.junit.jupiter.engine.execution.InterceptingExecutableInvoker.invoke(InterceptingExecutableInvoker.java:93)
	at org.junit.jupiter.engine.execution.InterceptingExecutableInvoker.invoke(InterceptingExecutableInvoker.java:87)
	at org.junit.jupiter.engine.descriptor.TestMethodTestDescriptor.lambda$invokeTestMethod$7(TestMethodTestDescriptor.java:216)
	at org.junit.platform.engine.support.hierarchical.ThrowableCollector.execute(ThrowableCollector.java:73)
	at org.junit.jupiter.engine.descriptor.TestMethodTestDescriptor.invokeTestMethod(TestMethodTestDescriptor.java:212)
	at org.junit.jupiter.engine.descriptor.TestMethodTestDescriptor.execute(TestMethodTestDescriptor.java:137)
	at org.junit.jupiter.engine.descriptor.TestMethodTestDescriptor.execute(TestMethodTestDescriptor.java:69)
	at org.junit.platform.engine.support.hierarchical.NodeTestTask.lambda$executeRecursively$6(NodeTestTask.java:156)
	at org.junit.platform.engine.support.hierarchical.ThrowableCollector.execute(ThrowableCollector.java:73)
	at org.junit.platform.engine.support.hierarchical.NodeTestTask.lambda$executeRecursively$8(NodeTestTask.java:146)
	at org.junit.platform.engine.support.hierarchical.Node.around(Node.java:137)
	at org.junit.platform.engine.support.hierarchical.NodeTestTask.lambda$executeRecursively$9(NodeTestTask.java:144)
	at org.junit.platform.engine.support.hierarchical.ThrowableCollector.execute(ThrowableCollector.java:73)
	at org.junit.platform.engine.support.hierarchical.NodeTestTask.executeRecursively(NodeTestTask.java:143)
	at org.junit.platform.engine.support.hierarchical.NodeTestTask.execute(NodeTestTask.java:100)
	at java.base/java.util.ArrayList.forEach(ArrayList.java:1511)
	at org.junit.platform.engine.support.hierarchical.SameThreadHierarchicalTestExecutorService.invokeAll(SameThreadHierarchicalTestExecutorService.java:41)
	at org.junit.platform.engine.support.hierarchical.NodeTestTask.lambda$executeRecursively$6(NodeTestTask.java:160)
	at org.junit.platform.engine.support.hierarchical.ThrowableCollector.execute(ThrowableCollector.java:73)
	at org.junit.platform.engine.support.hierarchical.NodeTestTask.lambda$executeRecursively$8(NodeTestTask.java:146)
	at org.junit.platform.engine.support.hierarchical.Node.around(Node.java:137)
	at org.junit.platform.engine.support.hierarchical.NodeTestTask.lambda$executeRecursively$9(NodeTestTask.java:144)
	at org.junit.platform.engine.support.hierarchical.ThrowableCollector.execute(ThrowableCollector.java:73)
	at org.junit.platform.engine.support.hierarchical.NodeTestTask.executeRecursively(NodeTestTask.java:143)
	at org.junit.platform.engine.support.hierarchical.NodeTestTask.execute(NodeTestTask.java:100)
	at java.base/java.util.ArrayList.forEach(ArrayList.java:1511)
	at org.junit.platform.engine.support.hierarchical.SameThreadHierarchicalTestExecutorService.invokeAll(SameThreadHierarchicalTestExecutorService.java:41)
	at org.junit.platform.engine.support.hierarchical.NodeTestTask.lambda$executeRecursively$6(NodeTestTask.java:160)
	at org.junit.platform.engine.support.hierarchical.ThrowableCollector.execute(ThrowableCollector.java:73)
	at org.junit.platform.engine.support.hierarchical.NodeTestTask.lambda$executeRecursively$8(NodeTestTask.java:146)
	at org.junit.platform.engine.support.hierarchical.Node.around(Node.java:137)
	at org.junit.platform.engine.support.hierarchical.NodeTestTask.lambda$executeRecursively$9(NodeTestTask.java:144)
	at org.junit.platform.engine.support.hierarchical.ThrowableCollector.execute(ThrowableCollector.java:73)
	at org.junit.platform.engine.support.hierarchical.NodeTestTask.executeRecursively(NodeTestTask.java:143)
	at org.junit.platform.engine.support.hierarchical.NodeTestTask.execute(NodeTestTask.java:100)
	at org.junit.platform.engine.support.hierarchical.SameThreadHierarchicalTestExecutorService.submit(SameThreadHierarchicalTestExecutorService.java:35)
	at org.junit.platform.engine.support.hierarchical.HierarchicalTestExecutor.execute(HierarchicalTestExecutor.java:57)
	at org.junit.platform.engine.support.hierarchical.HierarchicalTestEngine.execute(HierarchicalTestEngine.java:54)
	at org.junit.platform.launcher.core.EngineExecutionOrchestrator.execute(EngineExecutionOrchestrator.java:201)
	at org.junit.platform.launcher.core.EngineExecutionOrchestrator.execute(EngineExecutionOrchestrator.java:170)
	at org.junit.platform.launcher.core.EngineExecutionOrchestrator.execute(EngineExecutionOrchestrator.java:94)
	at org.junit.platform.launcher.core.EngineExecutionOrchestrator.lambda$execute$0(EngineExecutionOrchestrator.java:59)
	at org.junit.platform.launcher.core.EngineExecutionOrchestrator.withInterceptedStreams(EngineExecutionOrchestrator.java:142)
	at org.junit.platform.launcher.core.EngineExecutionOrchestrator.execute(EngineExecutionOrchestrator.java:58)
	at org.junit.platform.launcher.core.DefaultLauncher.execute(DefaultLauncher.java:103)
	at org.junit.platform.launcher.core.DefaultLauncher.execute(DefaultLauncher.java:85)
	at org.junit.platform.launcher.core.DelegatingLauncher.execute(DelegatingLauncher.java:47)
	at org.junit.platform.launcher.core.InterceptingLauncher.lambda$execute$1(InterceptingLauncher.java:39)
	at org.junit.platform.launcher.core.ClasspathAlignmentCheckingLauncherInterceptor.intercept(ClasspathAlignmentCheckingLauncherInterceptor.java:25)
	at org.junit.platform.launcher.core.InterceptingLauncher.execute(InterceptingLauncher.java:38)
	at org.junit.platform.launcher.core.DelegatingLauncher.execute(DelegatingLauncher.java:47)
	at org.apache.maven.surefire.junitplatform.LazyLauncher.execute(LazyLauncher.java:56)
	at org.apache.maven.surefire.junitplatform.JUnitPlatformProvider.execute(JUnitPlatformProvider.java:194)
	at org.apache.maven.surefire.junitplatform.JUnitPlatformProvider.invokeAllTests(JUnitPlatformProvider.java:150)
	at org.apache.maven.surefire.junitplatform.JUnitPlatformProvider.invoke(JUnitPlatformProvider.java:124)
	at org.apache.maven.surefire.booter.ForkedBooter.runSuitesInProcess(ForkedBooter.java:385)
	at org.apache.maven.surefire.booter.ForkedBooter.execute(ForkedBooter.java:162)
	at org.apache.maven.surefire.booter.ForkedBooter.run(ForkedBooter.java:507)
	at org.apache.maven.surefire.booter.ForkedBooter.main(ForkedBooter.java:495)
[main] - 2026-09-09 23:56:09,289  INFO  c.a.chat.storage.ChatStorageFactory - Creating ChatStorageProvider for: H2 Database
[main] - 2026-09-09 23:56:09,290  INFO  c.a.chat.storage.ChatStorageFactory - [SQL] Using H2 Database: url=jdbc:h2:mem:cache_test
[main] - 2026-09-09 23:56:09,290  INFO  c.a.c.s.p.SqlChatStorageProvider - [SQL] Creating DataSource for H2 Database: url=jdbc:h2:mem:cache_test
[main] - 2026-09-09 23:56:09,291  INFO  com.zaxxer.hikari.HikariDataSource - chat-storage-h2 - Starting...
[main] - 2026-09-09 23:56:09,292  INFO  com.zaxxer.hikari.pool.HikariPool - chat-storage-h2 - Added connection conn4: url=jdbc:h2:mem:cache_test user=
[main] - 2026-09-09 23:56:09,292  INFO  com.zaxxer.hikari.HikariDataSource - chat-storage-h2 - Start completed.
[main] - 2026-09-09 23:56:09,292  INFO  c.a.c.s.p.SqlChatStorageProvider - [SQL] Initializing schema for H2 Database
[main] - 2026-09-09 23:56:09,292  ERROR c.a.c.s.p.SqlChatStorageProvider - [SQL] Failed to initialize schema
org.h2.jdbc.JdbcSQLNonTransientException: Unknown data type: "IDX_MESSAGES_CONVERSATION"; SQL statement:
CREATE TABLE IF NOT EXISTS chat_messages (  id VARCHAR(64) PRIMARY KEY,  conversation_id VARCHAR(64) NOT NULL,  sender_id VARCHAR(64) NOT NULL,  sender_email VARCHAR(255),  sender_name VARCHAR(255),  receiver_id VARCHAR(64) NOT NULL,  receiver_email VARCHAR(255),  content TEXT NOT NULL,  message_type VARCHAR(32) DEFAULT 'TEXT',  media_url TEXT,  media_mime_type VARCHAR(128),  media_size BIGINT,  is_read BOOLEAN DEFAULT false,  read_at TIMESTAMP,  status VARCHAR(32) DEFAULT 'SENT',  is_deleted BOOLEAN DEFAULT false,  created_at TIMESTAMP DEFAULT CURRENT_TIMESTAMP,  updated_at TIMESTAMP DEFAULT CURRENT_TIMESTAMP,  metadata TEXT,  tenant_id VARCHAR(64),  INDEX idx_messages_conversation (conversation_id),  INDEX idx_messages_sender (sender_id),  INDEX idx_messages_receiver (receiver_id),  INDEX idx_messages_unread (receiver_id, is_read),  INDEX idx_messages_created (created_at)) [50004-232]
	at org.h2.message.DbException.getJdbcSQLException(DbException.java:566)
	at org.h2.message.DbException.getJdbcSQLException(DbException.java:489)
	at org.h2.message.DbException.get(DbException.java:223)
	at org.h2.message.DbException.get(DbException.java:199)
	at org.h2.command.Parser.readIfDataType1(Parser.java:5860)
	at org.h2.command.Parser.readIfDataType(Parser.java:5698)
	at org.h2.command.Parser.parseColumnWithType(Parser.java:5680)
	at org.h2.command.Parser.parseColumnForTable(Parser.java:5559)
	at org.h2.command.Parser.parseTableColumnDefinition(Parser.java:8876)
	at org.h2.command.Parser.parseCreateTable(Parser.java:8819)
	at org.h2.command.Parser.parseCreate(Parser.java:6398)
	at org.h2.command.Parser.parsePrepared(Parser.java:645)
	at org.h2.command.Parser.parse(Parser.java:581)
	at org.h2.command.Parser.parse(Parser.java:556)
	at org.h2.command.Parser.prepareCommand(Parser.java:484)
	at org.h2.engine.SessionLocal.prepareLocal(SessionLocal.java:645)
	at org.h2.engine.SessionLocal.prepareCommand(SessionLocal.java:561)
	at org.h2.jdbc.JdbcConnection.prepareCommand(JdbcConnection.java:1164)
	at org.h2.jdbc.JdbcStatement.executeUpdateInternal(JdbcStatement.java:190)
	at org.h2.jdbc.JdbcStatement.executeUpdate(JdbcStatement.java:147)
	at com.zaxxer.hikari.pool.ProxyStatement.executeUpdate(ProxyStatement.java:120)
	at com.zaxxer.hikari.pool.HikariProxyStatement.executeUpdate(HikariProxyStatement.java)
	at com.ayush.chat.storage.provider.SqlChatStorageProvider.initializeSchema(SqlChatStorageProvider.java:519)
	at com.ayush.chat.storage.provider.SqlChatStorageProvider.<init>(SqlChatStorageProvider.java:37)
	at com.ayush.chat.storage.ChatStorageFactory.createProvider(ChatStorageFactory.java:60)
	at java.base/java.util.concurrent.ConcurrentHashMap.computeIfAbsent(ConcurrentHashMap.java:1708)
	at com.ayush.chat.storage.ChatStorageFactory.getProvider(ChatStorageFactory.java:48)
	at com.ayush.chat.storage.ChatStorageFactory.getProvider(ChatStorageFactory.java:40)
	at com.ayush.chat.storage.ChatStorageFactoryTest.shouldReturnSameProviderInstanceOnMultipleCalls(ChatStorageFactoryTest.java:85)
	at java.base/jdk.internal.reflect.NativeMethodAccessorImpl.invoke0(Native Method)
	at java.base/jdk.internal.reflect.NativeMethodAccessorImpl.invoke(NativeMethodAccessorImpl.java:77)
	at java.base/jdk.internal.reflect.DelegatingMethodAccessorImpl.invoke(DelegatingMethodAccessorImpl.java:43)
	at java.base/java.lang.reflect.Method.invoke(Method.java:568)
	at org.junit.platform.commons.util.ReflectionUtils.invokeMethod(ReflectionUtils.java:775)
	at org.junit.platform.commons.support.ReflectionSupport.invokeMethod(ReflectionSupport.java:479)
	at org.junit.jupiter.engine.execution.MethodInvocation.proceed(MethodInvocation.java:60)
	at org.junit.jupiter.engine.execution.InvocationInterceptorChain$ValidatingInvocation.proceed(InvocationInterceptorChain.java:131)
	at org.junit.jupiter.engine.extension.TimeoutExtension.intercept(TimeoutExtension.java:161)
	at org.junit.jupiter.engine.extension.TimeoutExtension.interceptTestableMethod(TimeoutExtension.java:152)
	at org.junit.jupiter.engine.extension.TimeoutExtension.interceptTestMethod(TimeoutExtension.java:91)
	at org.junit.jupiter.engine.execution.InterceptingExecutableInvoker$ReflectiveInterceptorCall.lambda$ofVoidMethod$0(InterceptingExecutableInvoker.java:112)
	at org.junit.jupiter.engine.execution.InterceptingExecutableInvoker.lambda$invoke$0(InterceptingExecutableInvoker.java:94)
	at org.junit.jupiter.engine.execution.InvocationInterceptorChain$InterceptedInvocation.proceed(InvocationInterceptorChain.java:106)
	at org.junit.jupiter.engine.execution.InvocationInterceptorChain.proceed(InvocationInterceptorChain.java:64)
	at org.junit.jupiter.engine.execution.InvocationInterceptorChain.chainAndInvoke(InvocationInterceptorChain.java:45)
	at org.junit.jupiter.engine.execution.InvocationInterceptorChain.invoke(InvocationInterceptorChain.java:37)
	at org.junit.jupiter.engine.execution.InterceptingExecutableInvoker.invoke(InterceptingExecutableInvoker.java:93)
	at org.junit.jupiter.engine.execution.InterceptingExecutableInvoker.invoke(InterceptingExecutableInvoker.java:87)
	at org.junit.jupiter.engine.descriptor.TestMethodTestDescriptor.lambda$invokeTestMethod$7(TestMethodTestDescriptor.java:216)
	at org.junit.platform.engine.support.hierarchical.ThrowableCollector.execute(ThrowableCollector.java:73)
	at org.junit.jupiter.engine.descriptor.TestMethodTestDescriptor.invokeTestMethod(TestMethodTestDescriptor.java:212)
	at org.junit.jupiter.engine.descriptor.TestMethodTestDescriptor.execute(TestMethodTestDescriptor.java:137)
	at org.junit.jupiter.engine.descriptor.TestMethodTestDescriptor.execute(TestMethodTestDescriptor.java:69)
	at org.junit.platform.engine.support.hierarchical.NodeTestTask.lambda$executeRecursively$6(NodeTestTask.java:156)
	at org.junit.platform.engine.support.hierarchical.ThrowableCollector.execute(ThrowableCollector.java:73)
	at org.junit.platform.engine.support.hierarchical.NodeTestTask.lambda$executeRecursively$8(NodeTestTask.java:146)
	at org.junit.platform.engine.support.hierarchical.Node.around(Node.java:137)
	at org.junit.platform.engine.support.hierarchical.NodeTestTask.lambda$executeRecursively$9(NodeTestTask.java:144)
	at org.junit.platform.engine.support.hierarchical.ThrowableCollector.execute(ThrowableCollector.java:73)
	at org.junit.platform.engine.support.hierarchical.NodeTestTask.executeRecursively(NodeTestTask.java:143)
	at org.junit.platform.engine.support.hierarchical.NodeTestTask.execute(NodeTestTask.java:100)
	at java.base/java.util.ArrayList.forEach(ArrayList.java:1511)
	at org.junit.platform.engine.support.hierarchical.SameThreadHierarchicalTestExecutorService.invokeAll(SameThreadHierarchicalTestExecutorService.java:41)
	at org.junit.platform.engine.support.hierarchical.NodeTestTask.lambda$executeRecursively$6(NodeTestTask.java:160)
	at org.junit.platform.engine.support.hierarchical.ThrowableCollector.execute(ThrowableCollector.java:73)
	at org.junit.platform.engine.support.hierarchical.NodeTestTask.lambda$executeRecursively$8(NodeTestTask.java:146)
	at org.junit.platform.engine.support.hierarchical.Node.around(Node.java:137)
	at org.junit.platform.engine.support.hierarchical.NodeTestTask.lambda$executeRecursively$9(NodeTestTask.java:144)
	at org.junit.platform.engine.support.hierarchical.ThrowableCollector.execute(ThrowableCollector.java:73)
	at org.junit.platform.engine.support.hierarchical.NodeTestTask.executeRecursively(NodeTestTask.java:143)
	at org.junit.platform.engine.support.hierarchical.NodeTestTask.execute(NodeTestTask.java:100)
	at java.base/java.util.ArrayList.forEach(ArrayList.java:1511)
	at org.junit.platform.engine.support.hierarchical.SameThreadHierarchicalTestExecutorService.invokeAll(SameThreadHierarchicalTestExecutorService.java:41)
	at org.junit.platform.engine.support.hierarchical.NodeTestTask.lambda$executeRecursively$6(NodeTestTask.java:160)
	at org.junit.platform.engine.support.hierarchical.ThrowableCollector.execute(ThrowableCollector.java:73)
	at org.junit.platform.engine.support.hierarchical.NodeTestTask.lambda$executeRecursively$8(NodeTestTask.java:146)
	at org.junit.platform.engine.support.hierarchical.Node.around(Node.java:137)
	at org.junit.platform.engine.support.hierarchical.NodeTestTask.lambda$executeRecursively$9(NodeTestTask.java:144)
	at org.junit.platform.engine.support.hierarchical.ThrowableCollector.execute(ThrowableCollector.java:73)
	at org.junit.platform.engine.support.hierarchical.NodeTestTask.executeRecursively(NodeTestTask.java:143)
	at org.junit.platform.engine.support.hierarchical.NodeTestTask.execute(NodeTestTask.java:100)
	at org.junit.platform.engine.support.hierarchical.SameThreadHierarchicalTestExecutorService.submit(SameThreadHierarchicalTestExecutorService.java:35)
	at org.junit.platform.engine.support.hierarchical.HierarchicalTestExecutor.execute(HierarchicalTestExecutor.java:57)
	at org.junit.platform.engine.support.hierarchical.HierarchicalTestEngine.execute(HierarchicalTestEngine.java:54)
	at org.junit.platform.launcher.core.EngineExecutionOrchestrator.execute(EngineExecutionOrchestrator.java:201)
	at org.junit.platform.launcher.core.EngineExecutionOrchestrator.execute(EngineExecutionOrchestrator.java:170)
	at org.junit.platform.launcher.core.EngineExecutionOrchestrator.execute(EngineExecutionOrchestrator.java:94)
	at org.junit.platform.launcher.core.EngineExecutionOrchestrator.lambda$execute$0(EngineExecutionOrchestrator.java:59)
	at org.junit.platform.launcher.core.EngineExecutionOrchestrator.withInterceptedStreams(EngineExecutionOrchestrator.java:142)
	at org.junit.platform.launcher.core.EngineExecutionOrchestrator.execute(EngineExecutionOrchestrator.java:58)
	at org.junit.platform.launcher.core.DefaultLauncher.execute(DefaultLauncher.java:103)
	at org.junit.platform.launcher.core.DefaultLauncher.execute(DefaultLauncher.java:85)
	at org.junit.platform.launcher.core.DelegatingLauncher.execute(DelegatingLauncher.java:47)
	at org.junit.platform.launcher.core.InterceptingLauncher.lambda$execute$1(InterceptingLauncher.java:39)
	at org.junit.platform.launcher.core.ClasspathAlignmentCheckingLauncherInterceptor.intercept(ClasspathAlignmentCheckingLauncherInterceptor.java:25)
	at org.junit.platform.launcher.core.InterceptingLauncher.execute(InterceptingLauncher.java:38)
	at org.junit.platform.launcher.core.DelegatingLauncher.execute(DelegatingLauncher.java:47)
	at org.apache.maven.surefire.junitplatform.LazyLauncher.execute(LazyLauncher.java:56)
	at org.apache.maven.surefire.junitplatform.JUnitPlatformProvider.execute(JUnitPlatformProvider.java:194)
	at org.apache.maven.surefire.junitplatform.JUnitPlatformProvider.invokeAllTests(JUnitPlatformProvider.java:150)
	at org.apache.maven.surefire.junitplatform.JUnitPlatformProvider.invoke(JUnitPlatformProvider.java:124)
	at org.apache.maven.surefire.booter.ForkedBooter.runSuitesInProcess(ForkedBooter.java:385)
	at org.apache.maven.surefire.booter.ForkedBooter.execute(ForkedBooter.java:162)
	at org.apache.maven.surefire.booter.ForkedBooter.run(ForkedBooter.java:507)
	at org.apache.maven.surefire.booter.ForkedBooter.main(ForkedBooter.java:495)
[main] - 2026-09-09 23:56:09,300  INFO  c.a.chat.storage.ChatStorageFactory - Creating ChatStorageProvider for: Supabase
[main] - 2026-09-09 23:56:09,300  INFO  c.a.chat.storage.ChatStorageFactory - Creating ChatStorageProvider for: MySQL
[main] - 2026-09-09 23:56:09,308  INFO  c.a.chat.storage.ChatStorageFactory - Creating ChatStorageProvider for: H2 Database
[main] - 2026-09-09 23:56:09,308  INFO  c.a.chat.storage.ChatStorageFactory - [SQL] Using H2 Database: url=jdbc:h2:mem:desc_test
[main] - 2026-09-09 23:56:09,308  INFO  c.a.c.s.p.SqlChatStorageProvider - [SQL] Creating DataSource for H2 Database: url=jdbc:h2:mem:desc_test
[main] - 2026-09-09 23:56:09,308  INFO  com.zaxxer.hikari.HikariDataSource - chat-storage-h2 - Starting...
[main] - 2026-09-09 23:56:09,310  INFO  com.zaxxer.hikari.pool.HikariPool - chat-storage-h2 - Added connection conn6: url=jdbc:h2:mem:desc_test user=
[main] - 2026-09-09 23:56:09,310  INFO  com.zaxxer.hikari.HikariDataSource - chat-storage-h2 - Start completed.
[main] - 2026-09-09 23:56:09,310  INFO  c.a.c.s.p.SqlChatStorageProvider - [SQL] Initializing schema for H2 Database
[main] - 2026-09-09 23:56:09,312  ERROR c.a.c.s.p.SqlChatStorageProvider - [SQL] Failed to initialize schema
org.h2.jdbc.JdbcSQLNonTransientException: Unknown data type: "IDX_MESSAGES_CONVERSATION"; SQL statement:
CREATE TABLE IF NOT EXISTS chat_messages (  id VARCHAR(64) PRIMARY KEY,  conversation_id VARCHAR(64) NOT NULL,  sender_id VARCHAR(64) NOT NULL,  sender_email VARCHAR(255),  sender_name VARCHAR(255),  receiver_id VARCHAR(64) NOT NULL,  receiver_email VARCHAR(255),  content TEXT NOT NULL,  message_type VARCHAR(32) DEFAULT 'TEXT',  media_url TEXT,  media_mime_type VARCHAR(128),  media_size BIGINT,  is_read BOOLEAN DEFAULT false,  read_at TIMESTAMP,  status VARCHAR(32) DEFAULT 'SENT',  is_deleted BOOLEAN DEFAULT false,  created_at TIMESTAMP DEFAULT CURRENT_TIMESTAMP,  updated_at TIMESTAMP DEFAULT CURRENT_TIMESTAMP,  metadata TEXT,  tenant_id VARCHAR(64),  INDEX idx_messages_conversation (conversation_id),  INDEX idx_messages_sender (sender_id),  INDEX idx_messages_receiver (receiver_id),  INDEX idx_messages_unread (receiver_id, is_read),  INDEX idx_messages_created (created_at)) [50004-232]
	at org.h2.message.DbException.getJdbcSQLException(DbException.java:566)
	at org.h2.message.DbException.getJdbcSQLException(DbException.java:489)
	at org.h2.message.DbException.get(DbException.java:223)
	at org.h2.message.DbException.get(DbException.java:199)
	at org.h2.command.Parser.readIfDataType1(Parser.java:5860)
	at org.h2.command.Parser.readIfDataType(Parser.java:5698)
	at org.h2.command.Parser.parseColumnWithType(Parser.java:5680)
	at org.h2.command.Parser.parseColumnForTable(Parser.java:5559)
	at org.h2.command.Parser.parseTableColumnDefinition(Parser.java:8876)
	at org.h2.command.Parser.parseCreateTable(Parser.java:8819)
	at org.h2.command.Parser.parseCreate(Parser.java:6398)
	at org.h2.command.Parser.parsePrepared(Parser.java:645)
	at org.h2.command.Parser.parse(Parser.java:581)
	at org.h2.command.Parser.parse(Parser.java:556)
	at org.h2.command.Parser.prepareCommand(Parser.java:484)
	at org.h2.engine.SessionLocal.prepareLocal(SessionLocal.java:645)
	at org.h2.engine.SessionLocal.prepareCommand(SessionLocal.java:561)
	at org.h2.jdbc.JdbcConnection.prepareCommand(JdbcConnection.java:1164)
	at org.h2.jdbc.JdbcStatement.executeUpdateInternal(JdbcStatement.java:190)
	at org.h2.jdbc.JdbcStatement.executeUpdate(JdbcStatement.java:147)
	at com.zaxxer.hikari.pool.ProxyStatement.executeUpdate(ProxyStatement.java:120)
	at com.zaxxer.hikari.pool.HikariProxyStatement.executeUpdate(HikariProxyStatement.java)
	at com.ayush.chat.storage.provider.SqlChatStorageProvider.initializeSchema(SqlChatStorageProvider.java:519)
	at com.ayush.chat.storage.provider.SqlChatStorageProvider.<init>(SqlChatStorageProvider.java:37)
	at com.ayush.chat.storage.ChatStorageFactory.createProvider(ChatStorageFactory.java:60)
	at java.base/java.util.concurrent.ConcurrentHashMap.computeIfAbsent(ConcurrentHashMap.java:1708)
	at com.ayush.chat.storage.ChatStorageFactory.getProvider(ChatStorageFactory.java:48)
	at com.ayush.chat.storage.ChatStorageFactory.getProvider(ChatStorageFactory.java:40)
	at com.ayush.chat.storage.ChatStorageFactoryTest.h2ProviderShouldHaveCorrectDescription(ChatStorageFactoryTest.java:284)
	at java.base/jdk.internal.reflect.NativeMethodAccessorImpl.invoke0(Native Method)
	at java.base/jdk.internal.reflect.NativeMethodAccessorImpl.invoke(NativeMethodAccessorImpl.java:77)
	at java.base/jdk.internal.reflect.DelegatingMethodAccessorImpl.invoke(DelegatingMethodAccessorImpl.java:43)
	at java.base/java.lang.reflect.Method.invoke(Method.java:568)
	at org.junit.platform.commons.util.ReflectionUtils.invokeMethod(ReflectionUtils.java:775)
	at org.junit.platform.commons.support.ReflectionSupport.invokeMethod(ReflectionSupport.java:479)
	at org.junit.jupiter.engine.execution.MethodInvocation.proceed(MethodInvocation.java:60)
	at org.junit.jupiter.engine.execution.InvocationInterceptorChain$ValidatingInvocation.proceed(InvocationInterceptorChain.java:131)
	at org.junit.jupiter.engine.extension.TimeoutExtension.intercept(TimeoutExtension.java:161)
	at org.junit.jupiter.engine.extension.TimeoutExtension.interceptTestableMethod(TimeoutExtension.java:152)
	at org.junit.jupiter.engine.extension.TimeoutExtension.interceptTestMethod(TimeoutExtension.java:91)
	at org.junit.jupiter.engine.execution.InterceptingExecutableInvoker$ReflectiveInterceptorCall.lambda$ofVoidMethod$0(InterceptingExecutableInvoker.java:112)
	at org.junit.jupiter.engine.execution.InterceptingExecutableInvoker.lambda$invoke$0(InterceptingExecutableInvoker.java:94)
	at org.junit.jupiter.engine.execution.InvocationInterceptorChain$InterceptedInvocation.proceed(InvocationInterceptorChain.java:106)
	at org.junit.jupiter.engine.execution.InvocationInterceptorChain.proceed(InvocationInterceptorChain.java:64)
	at org.junit.jupiter.engine.execution.InvocationInterceptorChain.chainAndInvoke(InvocationInterceptorChain.java:45)
	at org.junit.jupiter.engine.execution.InvocationInterceptorChain.invoke(InvocationInterceptorChain.java:37)
	at org.junit.jupiter.engine.execution.InterceptingExecutableInvoker.invoke(InterceptingExecutableInvoker.java:93)
	at org.junit.jupiter.engine.execution.InterceptingExecutableInvoker.invoke(InterceptingExecutableInvoker.java:87)
	at org.junit.jupiter.engine.descriptor.TestMethodTestDescriptor.lambda$invokeTestMethod$7(TestMethodTestDescriptor.java:216)
	at org.junit.platform.engine.support.hierarchical.ThrowableCollector.execute(ThrowableCollector.java:73)
	at org.junit.jupiter.engine.descriptor.TestMethodTestDescriptor.invokeTestMethod(TestMethodTestDescriptor.java:212)
	at org.junit.jupiter.engine.descriptor.TestMethodTestDescriptor.execute(TestMethodTestDescriptor.java:137)
	at org.junit.jupiter.engine.descriptor.TestMethodTestDescriptor.execute(TestMethodTestDescriptor.java:69)
	at org.junit.platform.engine.support.hierarchical.NodeTestTask.lambda$executeRecursively$6(NodeTestTask.java:156)
	at org.junit.platform.engine.support.hierarchical.ThrowableCollector.execute(ThrowableCollector.java:73)
	at org.junit.platform.engine.support.hierarchical.NodeTestTask.lambda$executeRecursively$8(NodeTestTask.java:146)
	at org.junit.platform.engine.support.hierarchical.Node.around(Node.java:137)
	at org.junit.platform.engine.support.hierarchical.NodeTestTask.lambda$executeRecursively$9(NodeTestTask.java:144)
	at org.junit.platform.engine.support.hierarchical.ThrowableCollector.execute(ThrowableCollector.java:73)
	at org.junit.platform.engine.support.hierarchical.NodeTestTask.executeRecursively(NodeTestTask.java:143)
	at org.junit.platform.engine.support.hierarchical.NodeTestTask.execute(NodeTestTask.java:100)
	at java.base/java.util.ArrayList.forEach(ArrayList.java:1511)
	at org.junit.platform.engine.support.hierarchical.SameThreadHierarchicalTestExecutorService.invokeAll(SameThreadHierarchicalTestExecutorService.java:41)
	at org.junit.platform.engine.support.hierarchical.NodeTestTask.lambda$executeRecursively$6(NodeTestTask.java:160)
	at org.junit.platform.engine.support.hierarchical.ThrowableCollector.execute(ThrowableCollector.java:73)
	at org.junit.platform.engine.support.hierarchical.NodeTestTask.lambda$executeRecursively$8(NodeTestTask.java:146)
	at org.junit.platform.engine.support.hierarchical.Node.around(Node.java:137)
	at org.junit.platform.engine.support.hierarchical.NodeTestTask.lambda$executeRecursively$9(NodeTestTask.java:144)
	at org.junit.platform.engine.support.hierarchical.ThrowableCollector.execute(ThrowableCollector.java:73)
	at org.junit.platform.engine.support.hierarchical.NodeTestTask.executeRecursively(NodeTestTask.java:143)
	at org.junit.platform.engine.support.hierarchical.NodeTestTask.execute(NodeTestTask.java:100)
	at java.base/java.util.ArrayList.forEach(ArrayList.java:1511)
	at org.junit.platform.engine.support.hierarchical.SameThreadHierarchicalTestExecutorService.invokeAll(SameThreadHierarchicalTestExecutorService.java:41)
	at org.junit.platform.engine.support.hierarchical.NodeTestTask.lambda$executeRecursively$6(NodeTestTask.java:160)
	at org.junit.platform.engine.support.hierarchical.ThrowableCollector.execute(ThrowableCollector.java:73)
	at org.junit.platform.engine.support.hierarchical.NodeTestTask.lambda$executeRecursively$8(NodeTestTask.java:146)
	at org.junit.platform.engine.support.hierarchical.Node.around(Node.java:137)
	at org.junit.platform.engine.support.hierarchical.NodeTestTask.lambda$executeRecursively$9(NodeTestTask.java:144)
	at org.junit.platform.engine.support.hierarchical.ThrowableCollector.execute(ThrowableCollector.java:73)
	at org.junit.platform.engine.support.hierarchical.NodeTestTask.executeRecursively(NodeTestTask.java:143)
	at org.junit.platform.engine.support.hierarchical.NodeTestTask.execute(NodeTestTask.java:100)
	at org.junit.platform.engine.support.hierarchical.SameThreadHierarchicalTestExecutorService.submit(SameThreadHierarchicalTestExecutorService.java:35)
	at org.junit.platform.engine.support.hierarchical.HierarchicalTestExecutor.execute(HierarchicalTestExecutor.java:57)
	at org.junit.platform.engine.support.hierarchical.HierarchicalTestEngine.execute(HierarchicalTestEngine.java:54)
	at org.junit.platform.launcher.core.EngineExecutionOrchestrator.execute(EngineExecutionOrchestrator.java:201)
	at org.junit.platform.launcher.core.EngineExecutionOrchestrator.execute(EngineExecutionOrchestrator.java:170)
	at org.junit.platform.launcher.core.EngineExecutionOrchestrator.execute(EngineExecutionOrchestrator.java:94)
	at org.junit.platform.launcher.core.EngineExecutionOrchestrator.lambda$execute$0(EngineExecutionOrchestrator.java:59)
	at org.junit.platform.launcher.core.EngineExecutionOrchestrator.withInterceptedStreams(EngineExecutionOrchestrator.java:142)
	at org.junit.platform.launcher.core.EngineExecutionOrchestrator.execute(EngineExecutionOrchestrator.java:58)
	at org.junit.platform.launcher.core.DefaultLauncher.execute(DefaultLauncher.java:103)
	at org.junit.platform.launcher.core.DefaultLauncher.execute(DefaultLauncher.java:85)
	at org.junit.platform.launcher.core.DelegatingLauncher.execute(DelegatingLauncher.java:47)
	at org.junit.platform.launcher.core.InterceptingLauncher.lambda$execute$1(InterceptingLauncher.java:39)
	at org.junit.platform.launcher.core.ClasspathAlignmentCheckingLauncherInterceptor.intercept(ClasspathAlignmentCheckingLauncherInterceptor.java:25)
	at org.junit.platform.launcher.core.InterceptingLauncher.execute(InterceptingLauncher.java:38)
	at org.junit.platform.launcher.core.DelegatingLauncher.execute(DelegatingLauncher.java:47)
	at org.apache.maven.surefire.junitplatform.LazyLauncher.execute(LazyLauncher.java:56)
	at org.apache.maven.surefire.junitplatform.JUnitPlatformProvider.execute(JUnitPlatformProvider.java:194)
	at org.apache.maven.surefire.junitplatform.JUnitPlatformProvider.invokeAllTests(JUnitPlatformProvider.java:150)
	at org.apache.maven.surefire.junitplatform.JUnitPlatformProvider.invoke(JUnitPlatformProvider.java:124)
	at org.apache.maven.surefire.booter.ForkedBooter.runSuitesInProcess(ForkedBooter.java:385)
	at org.apache.maven.surefire.booter.ForkedBooter.execute(ForkedBooter.java:162)
	at org.apache.maven.surefire.booter.ForkedBooter.run(ForkedBooter.java:507)
	at org.apache.maven.surefire.booter.ForkedBooter.main(ForkedBooter.java:495)
[main] - 2026-09-09 23:56:09,312  INFO  c.a.chat.storage.ChatStorageFactory - Creating ChatStorageProvider for: PostgreSQL
[main] - 2026-09-09 23:56:09,323  INFO  c.a.chat.storage.ChatStorageFactory - Creating ChatStorageProvider for: Supabase
[main] - 2026-09-09 23:56:09,324  INFO  c.a.chat.storage.ChatStorageFactory - Creating ChatStorageProvider for: Firebase Firestore
[main] - 2026-09-09 23:56:09,324  INFO  c.a.chat.storage.ChatStorageFactory - Creating ChatStorageProvider for: MySQL
[main] - 2026-09-09 23:56:09,324  INFO  c.a.chat.storage.ChatStorageFactory - [SQL] Using MySQL: url=jdbc:h2:mem:desc_mysql
[main] - 2026-09-09 23:56:09,324  INFO  c.a.c.s.p.SqlChatStorageProvider - [SQL] Creating DataSource for MySQL: url=jdbc:h2:mem:desc_mysql
[main] - 2026-09-09 23:56:09,324  INFO  com.zaxxer.hikari.HikariDataSource - chat-storage-mysql - Starting...
[main] - 2026-09-09 23:56:09,328  INFO  com.zaxxer.hikari.pool.HikariPool - chat-storage-mysql - Added connection conn7: url=jdbc:h2:mem:desc_mysql user=
[main] - 2026-09-09 23:56:09,331  INFO  com.zaxxer.hikari.HikariDataSource - chat-storage-mysql - Start completed.
[main] - 2026-09-09 23:56:09,331  INFO  c.a.c.s.p.SqlChatStorageProvider - [SQL] Initializing schema for MySQL
[main] - 2026-09-09 23:56:09,331  ERROR c.a.c.s.p.SqlChatStorageProvider - [SQL] Failed to initialize schema
org.h2.jdbc.JdbcSQLNonTransientException: Unknown data type: "IDX_MESSAGES_CONVERSATION"; SQL statement:
CREATE TABLE IF NOT EXISTS chat_messages (  id VARCHAR(64) PRIMARY KEY,  conversation_id VARCHAR(64) NOT NULL,  sender_id VARCHAR(64) NOT NULL,  sender_email VARCHAR(255),  sender_name VARCHAR(255),  receiver_id VARCHAR(64) NOT NULL,  receiver_email VARCHAR(255),  content TEXT NOT NULL,  message_type VARCHAR(32) DEFAULT 'TEXT',  media_url TEXT,  media_mime_type VARCHAR(128),  media_size BIGINT,  is_read BOOLEAN DEFAULT false,  read_at TIMESTAMP,  status VARCHAR(32) DEFAULT 'SENT',  is_deleted BOOLEAN DEFAULT false,  created_at TIMESTAMP DEFAULT CURRENT_TIMESTAMP,  updated_at TIMESTAMP DEFAULT CURRENT_TIMESTAMP,  metadata TEXT,  tenant_id VARCHAR(64),  INDEX idx_messages_conversation (conversation_id),  INDEX idx_messages_sender (sender_id),  INDEX idx_messages_receiver (receiver_id),  INDEX idx_messages_unread (receiver_id, is_read),  INDEX idx_messages_created (created_at)) [50004-232]
	at org.h2.message.DbException.getJdbcSQLException(DbException.java:566)
	at org.h2.message.DbException.getJdbcSQLException(DbException.java:489)
	at org.h2.message.DbException.get(DbException.java:223)
	at org.h2.message.DbException.get(DbException.java:199)
	at org.h2.command.Parser.readIfDataType1(Parser.java:5860)
	at org.h2.command.Parser.readIfDataType(Parser.java:5698)
	at org.h2.command.Parser.parseColumnWithType(Parser.java:5680)
	at org.h2.command.Parser.parseColumnForTable(Parser.java:5559)
	at org.h2.command.Parser.parseTableColumnDefinition(Parser.java:8876)
	at org.h2.command.Parser.parseCreateTable(Parser.java:8819)
	at org.h2.command.Parser.parseCreate(Parser.java:6398)
	at org.h2.command.Parser.parsePrepared(Parser.java:645)
	at org.h2.command.Parser.parse(Parser.java:581)
	at org.h2.command.Parser.parse(Parser.java:556)
	at org.h2.command.Parser.prepareCommand(Parser.java:484)
	at org.h2.engine.SessionLocal.prepareLocal(SessionLocal.java:645)
	at org.h2.engine.SessionLocal.prepareCommand(SessionLocal.java:561)
	at org.h2.jdbc.JdbcConnection.prepareCommand(JdbcConnection.java:1164)
	at org.h2.jdbc.JdbcStatement.executeUpdateInternal(JdbcStatement.java:190)
	at org.h2.jdbc.JdbcStatement.executeUpdate(JdbcStatement.java:147)
	at com.zaxxer.hikari.pool.ProxyStatement.executeUpdate(ProxyStatement.java:120)
	at com.zaxxer.hikari.pool.HikariProxyStatement.executeUpdate(HikariProxyStatement.java)
	at com.ayush.chat.storage.provider.SqlChatStorageProvider.initializeSchema(SqlChatStorageProvider.java:519)
	at com.ayush.chat.storage.provider.SqlChatStorageProvider.<init>(SqlChatStorageProvider.java:37)
	at com.ayush.chat.storage.ChatStorageFactory.createProvider(ChatStorageFactory.java:60)
	at java.base/java.util.concurrent.ConcurrentHashMap.computeIfAbsent(ConcurrentHashMap.java:1708)
	at com.ayush.chat.storage.ChatStorageFactory.getProvider(ChatStorageFactory.java:48)
	at com.ayush.chat.storage.ChatStorageFactory.getProvider(ChatStorageFactory.java:40)
	at com.ayush.chat.storage.ChatStorageFactoryTest.mysqlProviderShouldHaveCorrectDescription(ChatStorageFactoryTest.java:297)
	at java.base/jdk.internal.reflect.NativeMethodAccessorImpl.invoke0(Native Method)
	at java.base/jdk.internal.reflect.NativeMethodAccessorImpl.invoke(NativeMethodAccessorImpl.java:77)
	at java.base/jdk.internal.reflect.DelegatingMethodAccessorImpl.invoke(DelegatingMethodAccessorImpl.java:43)
	at java.base/java.lang.reflect.Method.invoke(Method.java:568)
	at org.junit.platform.commons.util.ReflectionUtils.invokeMethod(ReflectionUtils.java:775)
	at org.junit.platform.commons.support.ReflectionSupport.invokeMethod(ReflectionSupport.java:479)
	at org.junit.jupiter.engine.execution.MethodInvocation.proceed(MethodInvocation.java:60)
	at org.junit.jupiter.engine.execution.InvocationInterceptorChain$ValidatingInvocation.proceed(InvocationInterceptorChain.java:131)
	at org.junit.jupiter.engine.extension.TimeoutExtension.intercept(TimeoutExtension.java:161)
	at org.junit.jupiter.engine.extension.TimeoutExtension.interceptTestableMethod(TimeoutExtension.java:152)
	at org.junit.jupiter.engine.extension.TimeoutExtension.interceptTestMethod(TimeoutExtension.java:91)
	at org.junit.jupiter.engine.execution.InterceptingExecutableInvoker$ReflectiveInterceptorCall.lambda$ofVoidMethod$0(InterceptingExecutableInvoker.java:112)
	at org.junit.jupiter.engine.execution.InterceptingExecutableInvoker.lambda$invoke$0(InterceptingExecutableInvoker.java:94)
	at org.junit.jupiter.engine.execution.InvocationInterceptorChain$InterceptedInvocation.proceed(InvocationInterceptorChain.java:106)
	at org.junit.jupiter.engine.execution.InvocationInterceptorChain.proceed(InvocationInterceptorChain.java:64)
	at org.junit.jupiter.engine.execution.InvocationInterceptorChain.chainAndInvoke(InvocationInterceptorChain.java:45)
	at org.junit.jupiter.engine.execution.InvocationInterceptorChain.invoke(InvocationInterceptorChain.java:37)
	at org.junit.jupiter.engine.execution.InterceptingExecutableInvoker.invoke(InterceptingExecutableInvoker.java:93)
	at org.junit.jupiter.engine.execution.InterceptingExecutableInvoker.invoke(InterceptingExecutableInvoker.java:87)
	at org.junit.jupiter.engine.descriptor.TestMethodTestDescriptor.lambda$invokeTestMethod$7(TestMethodTestDescriptor.java:216)
	at org.junit.platform.engine.support.hierarchical.ThrowableCollector.execute(ThrowableCollector.java:73)
	at org.junit.jupiter.engine.descriptor.TestMethodTestDescriptor.invokeTestMethod(TestMethodTestDescriptor.java:212)
	at org.junit.jupiter.engine.descriptor.TestMethodTestDescriptor.execute(TestMethodTestDescriptor.java:137)
	at org.junit.jupiter.engine.descriptor.TestMethodTestDescriptor.execute(TestMethodTestDescriptor.java:69)
	at org.junit.platform.engine.support.hierarchical.NodeTestTask.lambda$executeRecursively$6(NodeTestTask.java:156)
	at org.junit.platform.engine.support.hierarchical.ThrowableCollector.execute(ThrowableCollector.java:73)
	at org.junit.platform.engine.support.hierarchical.NodeTestTask.lambda$executeRecursively$8(NodeTestTask.java:146)
	at org.junit.platform.engine.support.hierarchical.Node.around(Node.java:137)
	at org.junit.platform.engine.support.hierarchical.NodeTestTask.lambda$executeRecursively$9(NodeTestTask.java:144)
	at org.junit.platform.engine.support.hierarchical.ThrowableCollector.execute(ThrowableCollector.java:73)
	at org.junit.platform.engine.support.hierarchical.NodeTestTask.executeRecursively(NodeTestTask.java:143)
	at org.junit.platform.engine.support.hierarchical.NodeTestTask.execute(NodeTestTask.java:100)
	at java.base/java.util.ArrayList.forEach(ArrayList.java:1511)
	at org.junit.platform.engine.support.hierarchical.SameThreadHierarchicalTestExecutorService.invokeAll(SameThreadHierarchicalTestExecutorService.java:41)
	at org.junit.platform.engine.support.hierarchical.NodeTestTask.lambda$executeRecursively$6(NodeTestTask.java:160)
	at org.junit.platform.engine.support.hierarchical.ThrowableCollector.execute(ThrowableCollector.java:73)
	at org.junit.platform.engine.support.hierarchical.NodeTestTask.lambda$executeRecursively$8(NodeTestTask.java:146)
	at org.junit.platform.engine.support.hierarchical.Node.around(Node.java:137)
	at org.junit.platform.engine.support.hierarchical.NodeTestTask.lambda$executeRecursively$9(NodeTestTask.java:144)
	at org.junit.platform.engine.support.hierarchical.ThrowableCollector.execute(ThrowableCollector.java:73)
	at org.junit.platform.engine.support.hierarchical.NodeTestTask.executeRecursively(NodeTestTask.java:143)
	at org.junit.platform.engine.support.hierarchical.NodeTestTask.execute(NodeTestTask.java:100)
	at java.base/java.util.ArrayList.forEach(ArrayList.java:1511)
	at org.junit.platform.engine.support.hierarchical.SameThreadHierarchicalTestExecutorService.invokeAll(SameThreadHierarchicalTestExecutorService.java:41)
	at org.junit.platform.engine.support.hierarchical.NodeTestTask.lambda$executeRecursively$6(NodeTestTask.java:160)
	at org.junit.platform.engine.support.hierarchical.ThrowableCollector.execute(ThrowableCollector.java:73)
	at org.junit.platform.engine.support.hierarchical.NodeTestTask.lambda$executeRecursively$8(NodeTestTask.java:146)
	at org.junit.platform.engine.support.hierarchical.Node.around(Node.java:137)
	at org.junit.platform.engine.support.hierarchical.NodeTestTask.lambda$executeRecursively$9(NodeTestTask.java:144)
	at org.junit.platform.engine.support.hierarchical.ThrowableCollector.execute(ThrowableCollector.java:73)
	at org.junit.platform.engine.support.hierarchical.NodeTestTask.executeRecursively(NodeTestTask.java:143)
	at org.junit.platform.engine.support.hierarchical.NodeTestTask.execute(NodeTestTask.java:100)
	at org.junit.platform.engine.support.hierarchical.SameThreadHierarchicalTestExecutorService.submit(SameThreadHierarchicalTestExecutorService.java:35)
	at org.junit.platform.engine.support.hierarchical.HierarchicalTestExecutor.execute(HierarchicalTestExecutor.java:57)
	at org.junit.platform.engine.support.hierarchical.HierarchicalTestEngine.execute(HierarchicalTestEngine.java:54)
	at org.junit.platform.launcher.core.EngineExecutionOrchestrator.execute(EngineExecutionOrchestrator.java:201)
	at org.junit.platform.launcher.core.EngineExecutionOrchestrator.execute(EngineExecutionOrchestrator.java:170)
	at org.junit.platform.launcher.core.EngineExecutionOrchestrator.execute(EngineExecutionOrchestrator.java:94)
	at org.junit.platform.launcher.core.EngineExecutionOrchestrator.lambda$execute$0(EngineExecutionOrchestrator.java:59)
	at org.junit.platform.launcher.core.EngineExecutionOrchestrator.withInterceptedStreams(EngineExecutionOrchestrator.java:142)
	at org.junit.platform.launcher.core.EngineExecutionOrchestrator.execute(EngineExecutionOrchestrator.java:58)
	at org.junit.platform.launcher.core.DefaultLauncher.execute(DefaultLauncher.java:103)
	at org.junit.platform.launcher.core.DefaultLauncher.execute(DefaultLauncher.java:85)
	at org.junit.platform.launcher.core.DelegatingLauncher.execute(DelegatingLauncher.java:47)
	at org.junit.platform.launcher.core.InterceptingLauncher.lambda$execute$1(InterceptingLauncher.java:39)
	at org.junit.platform.launcher.core.ClasspathAlignmentCheckingLauncherInterceptor.intercept(ClasspathAlignmentCheckingLauncherInterceptor.java:25)
	at org.junit.platform.launcher.core.InterceptingLauncher.execute(InterceptingLauncher.java:38)
	at org.junit.platform.launcher.core.DelegatingLauncher.execute(DelegatingLauncher.java:47)
	at org.apache.maven.surefire.junitplatform.LazyLauncher.execute(LazyLauncher.java:56)
	at org.apache.maven.surefire.junitplatform.JUnitPlatformProvider.execute(JUnitPlatformProvider.java:194)
	at org.apache.maven.surefire.junitplatform.JUnitPlatformProvider.invokeAllTests(JUnitPlatformProvider.java:150)
	at org.apache.maven.surefire.junitplatform.JUnitPlatformProvider.invoke(JUnitPlatformProvider.java:124)
	at org.apache.maven.surefire.booter.ForkedBooter.runSuitesInProcess(ForkedBooter.java:385)
	at org.apache.maven.surefire.booter.ForkedBooter.execute(ForkedBooter.java:162)
	at org.apache.maven.surefire.booter.ForkedBooter.run(ForkedBooter.java:507)
	at org.apache.maven.surefire.booter.ForkedBooter.main(ForkedBooter.java:495)
[main] - 2026-09-09 23:56:09,333  INFO  c.a.chat.storage.ChatStorageFactory - Creating ChatStorageProvider for: PostgreSQL
[main] - 2026-09-09 23:56:09,333  INFO  c.a.chat.storage.ChatStorageFactory - [SQL] Using PostgreSQL: url=jdbc:h2:mem:pg_test
[main] - 2026-09-09 23:56:09,333  INFO  c.a.c.s.p.SqlChatStorageProvider - [SQL] Creating DataSource for PostgreSQL: url=jdbc:h2:mem:pg_test
[main] - 2026-09-09 23:56:09,337  INFO  com.zaxxer.hikari.HikariDataSource - chat-storage-postgresql - Starting...
[main] - 2026-09-09 23:56:09,339  INFO  com.zaxxer.hikari.pool.HikariPool - chat-storage-postgresql - Added connection conn8: url=jdbc:h2:mem:pg_test user=
[main] - 2026-09-09 23:56:09,340  INFO  com.zaxxer.hikari.HikariDataSource - chat-storage-postgresql - Start completed.
[main] - 2026-09-09 23:56:09,340  INFO  c.a.c.s.p.SqlChatStorageProvider - [SQL] Initializing schema for PostgreSQL
[main] - 2026-09-09 23:56:09,341  ERROR c.a.c.s.p.SqlChatStorageProvider - [SQL] Failed to initialize schema
org.h2.jdbc.JdbcSQLNonTransientException: Unknown data type: "IDX_MESSAGES_CONVERSATION"; SQL statement:
CREATE TABLE IF NOT EXISTS chat_messages (  id VARCHAR(64) PRIMARY KEY,  conversation_id VARCHAR(64) NOT NULL,  sender_id VARCHAR(64) NOT NULL,  sender_email VARCHAR(255),  sender_name VARCHAR(255),  receiver_id VARCHAR(64) NOT NULL,  receiver_email VARCHAR(255),  content TEXT NOT NULL,  message_type VARCHAR(32) DEFAULT 'TEXT',  media_url TEXT,  media_mime_type VARCHAR(128),  media_size BIGINT,  is_read BOOLEAN DEFAULT false,  read_at TIMESTAMP,  status VARCHAR(32) DEFAULT 'SENT',  is_deleted BOOLEAN DEFAULT false,  created_at TIMESTAMP DEFAULT CURRENT_TIMESTAMP,  updated_at TIMESTAMP DEFAULT CURRENT_TIMESTAMP,  metadata TEXT,  tenant_id VARCHAR(64),  INDEX idx_messages_conversation (conversation_id),  INDEX idx_messages_sender (sender_id),  INDEX idx_messages_receiver (receiver_id),  INDEX idx_messages_unread (receiver_id, is_read),  INDEX idx_messages_created (created_at)) [50004-232]
	at org.h2.message.DbException.getJdbcSQLException(DbException.java:566)
	at org.h2.message.DbException.getJdbcSQLException(DbException.java:489)
	at org.h2.message.DbException.get(DbException.java:223)
	at org.h2.message.DbException.get(DbException.java:199)
	at org.h2.command.Parser.readIfDataType1(Parser.java:5860)
	at org.h2.command.Parser.readIfDataType(Parser.java:5698)
	at org.h2.command.Parser.parseColumnWithType(Parser.java:5680)
	at org.h2.command.Parser.parseColumnForTable(Parser.java:5559)
	at org.h2.command.Parser.parseTableColumnDefinition(Parser.java:8876)
	at org.h2.command.Parser.parseCreateTable(Parser.java:8819)
	at org.h2.command.Parser.parseCreate(Parser.java:6398)
	at org.h2.command.Parser.parsePrepared(Parser.java:645)
	at org.h2.command.Parser.parse(Parser.java:581)
	at org.h2.command.Parser.parse(Parser.java:556)
	at org.h2.command.Parser.prepareCommand(Parser.java:484)
	at org.h2.engine.SessionLocal.prepareLocal(SessionLocal.java:645)
	at org.h2.engine.SessionLocal.prepareCommand(SessionLocal.java:561)
	at org.h2.jdbc.JdbcConnection.prepareCommand(JdbcConnection.java:1164)
	at org.h2.jdbc.JdbcStatement.executeUpdateInternal(JdbcStatement.java:190)
	at org.h2.jdbc.JdbcStatement.executeUpdate(JdbcStatement.java:147)
	at com.zaxxer.hikari.pool.ProxyStatement.executeUpdate(ProxyStatement.java:120)
	at com.zaxxer.hikari.pool.HikariProxyStatement.executeUpdate(HikariProxyStatement.java)
	at com.ayush.chat.storage.provider.SqlChatStorageProvider.initializeSchema(SqlChatStorageProvider.java:519)
	at com.ayush.chat.storage.provider.SqlChatStorageProvider.<init>(SqlChatStorageProvider.java:37)
	at com.ayush.chat.storage.ChatStorageFactory.createProvider(ChatStorageFactory.java:60)
	at java.base/java.util.concurrent.ConcurrentHashMap.computeIfAbsent(ConcurrentHashMap.java:1708)
	at com.ayush.chat.storage.ChatStorageFactory.getProvider(ChatStorageFactory.java:48)
	at com.ayush.chat.storage.ChatStorageFactory.getProvider(ChatStorageFactory.java:40)
	at com.ayush.chat.storage.ChatStorageFactoryTest.shouldCreatePostgreSqlProviderWithValidConfig(ChatStorageFactoryTest.java:69)
	at java.base/jdk.internal.reflect.NativeMethodAccessorImpl.invoke0(Native Method)
	at java.base/jdk.internal.reflect.NativeMethodAccessorImpl.invoke(NativeMethodAccessorImpl.java:77)
	at java.base/jdk.internal.reflect.DelegatingMethodAccessorImpl.invoke(DelegatingMethodAccessorImpl.java:43)
	at java.base/java.lang.reflect.Method.invoke(Method.java:568)
	at org.junit.platform.commons.util.ReflectionUtils.invokeMethod(ReflectionUtils.java:775)
	at org.junit.platform.commons.support.ReflectionSupport.invokeMethod(ReflectionSupport.java:479)
	at org.junit.jupiter.engine.execution.MethodInvocation.proceed(MethodInvocation.java:60)
	at org.junit.jupiter.engine.execution.InvocationInterceptorChain$ValidatingInvocation.proceed(InvocationInterceptorChain.java:131)
	at org.junit.jupiter.engine.extension.TimeoutExtension.intercept(TimeoutExtension.java:161)
	at org.junit.jupiter.engine.extension.TimeoutExtension.interceptTestableMethod(TimeoutExtension.java:152)
	at org.junit.jupiter.engine.extension.TimeoutExtension.interceptTestMethod(TimeoutExtension.java:91)
	at org.junit.jupiter.engine.execution.InterceptingExecutableInvoker$ReflectiveInterceptorCall.lambda$ofVoidMethod$0(InterceptingExecutableInvoker.java:112)
	at org.junit.jupiter.engine.execution.InterceptingExecutableInvoker.lambda$invoke$0(InterceptingExecutableInvoker.java:94)
	at org.junit.jupiter.engine.execution.InvocationInterceptorChain$InterceptedInvocation.proceed(InvocationInterceptorChain.java:106)
	at org.junit.jupiter.engine.execution.InvocationInterceptorChain.proceed(InvocationInterceptorChain.java:64)
	at org.junit.jupiter.engine.execution.InvocationInterceptorChain.chainAndInvoke(InvocationInterceptorChain.java:45)
	at org.junit.jupiter.engine.execution.InvocationInterceptorChain.invoke(InvocationInterceptorChain.java:37)
	at org.junit.jupiter.engine.execution.InterceptingExecutableInvoker.invoke(InterceptingExecutableInvoker.java:93)
	at org.junit.jupiter.engine.execution.InterceptingExecutableInvoker.invoke(InterceptingExecutableInvoker.java:87)
	at org.junit.jupiter.engine.descriptor.TestMethodTestDescriptor.lambda$invokeTestMethod$7(TestMethodTestDescriptor.java:216)
	at org.junit.platform.engine.support.hierarchical.ThrowableCollector.execute(ThrowableCollector.java:73)
	at org.junit.jupiter.engine.descriptor.TestMethodTestDescriptor.invokeTestMethod(TestMethodTestDescriptor.java:212)
	at org.junit.jupiter.engine.descriptor.TestMethodTestDescriptor.execute(TestMethodTestDescriptor.java:137)
	at org.junit.jupiter.engine.descriptor.TestMethodTestDescriptor.execute(TestMethodTestDescriptor.java:69)
	at org.junit.platform.engine.support.hierarchical.NodeTestTask.lambda$executeRecursively$6(NodeTestTask.java:156)
	at org.junit.platform.engine.support.hierarchical.ThrowableCollector.execute(ThrowableCollector.java:73)
	at org.junit.platform.engine.support.hierarchical.NodeTestTask.lambda$executeRecursively$8(NodeTestTask.java:146)
	at org.junit.platform.engine.support.hierarchical.Node.around(Node.java:137)
	at org.junit.platform.engine.support.hierarchical.NodeTestTask.lambda$executeRecursively$9(NodeTestTask.java:144)
	at org.junit.platform.engine.support.hierarchical.ThrowableCollector.execute(ThrowableCollector.java:73)
	at org.junit.platform.engine.support.hierarchical.NodeTestTask.executeRecursively(NodeTestTask.java:143)
	at org.junit.platform.engine.support.hierarchical.NodeTestTask.execute(NodeTestTask.java:100)
	at java.base/java.util.ArrayList.forEach(ArrayList.java:1511)
	at org.junit.platform.engine.support.hierarchical.SameThreadHierarchicalTestExecutorService.invokeAll(SameThreadHierarchicalTestExecutorService.java:41)
	at org.junit.platform.engine.support.hierarchical.NodeTestTask.lambda$executeRecursively$6(NodeTestTask.java:160)
	at org.junit.platform.engine.support.hierarchical.ThrowableCollector.execute(ThrowableCollector.java:73)
	at org.junit.platform.engine.support.hierarchical.NodeTestTask.lambda$executeRecursively$8(NodeTestTask.java:146)
	at org.junit.platform.engine.support.hierarchical.Node.around(Node.java:137)
	at org.junit.platform.engine.support.hierarchical.NodeTestTask.lambda$executeRecursively$9(NodeTestTask.java:144)
	at org.junit.platform.engine.support.hierarchical.ThrowableCollector.execute(ThrowableCollector.java:73)
	at org.junit.platform.engine.support.hierarchical.NodeTestTask.executeRecursively(NodeTestTask.java:143)
	at org.junit.platform.engine.support.hierarchical.NodeTestTask.execute(NodeTestTask.java:100)
	at java.base/java.util.ArrayList.forEach(ArrayList.java:1511)
	at org.junit.platform.engine.support.hierarchical.SameThreadHierarchicalTestExecutorService.invokeAll(SameThreadHierarchicalTestExecutorService.java:41)
	at org.junit.platform.engine.support.hierarchical.NodeTestTask.lambda$executeRecursively$6(NodeTestTask.java:160)
	at org.junit.platform.engine.support.hierarchical.ThrowableCollector.execute(ThrowableCollector.java:73)
	at org.junit.platform.engine.support.hierarchical.NodeTestTask.lambda$executeRecursively$8(NodeTestTask.java:146)
	at org.junit.platform.engine.support.hierarchical.Node.around(Node.java:137)
	at org.junit.platform.engine.support.hierarchical.NodeTestTask.lambda$executeRecursively$9(NodeTestTask.java:144)
	at org.junit.platform.engine.support.hierarchical.ThrowableCollector.execute(ThrowableCollector.java:73)
	at org.junit.platform.engine.support.hierarchical.NodeTestTask.executeRecursively(NodeTestTask.java:143)
	at org.junit.platform.engine.support.hierarchical.NodeTestTask.execute(NodeTestTask.java:100)
	at org.junit.platform.engine.support.hierarchical.SameThreadHierarchicalTestExecutorService.submit(SameThreadHierarchicalTestExecutorService.java:35)
	at org.junit.platform.engine.support.hierarchical.HierarchicalTestExecutor.execute(HierarchicalTestExecutor.java:57)
	at org.junit.platform.engine.support.hierarchical.HierarchicalTestEngine.execute(HierarchicalTestEngine.java:54)
	at org.junit.platform.launcher.core.EngineExecutionOrchestrator.execute(EngineExecutionOrchestrator.java:201)
	at org.junit.platform.launcher.core.EngineExecutionOrchestrator.execute(EngineExecutionOrchestrator.java:170)
	at org.junit.platform.launcher.core.EngineExecutionOrchestrator.execute(EngineExecutionOrchestrator.java:94)
	at org.junit.platform.launcher.core.EngineExecutionOrchestrator.lambda$execute$0(EngineExecutionOrchestrator.java:59)
	at org.junit.platform.launcher.core.EngineExecutionOrchestrator.withInterceptedStreams(EngineExecutionOrchestrator.java:142)
	at org.junit.platform.launcher.core.EngineExecutionOrchestrator.execute(EngineExecutionOrchestrator.java:58)
	at org.junit.platform.launcher.core.DefaultLauncher.execute(DefaultLauncher.java:103)
	at org.junit.platform.launcher.core.DefaultLauncher.execute(DefaultLauncher.java:85)
	at org.junit.platform.launcher.core.DelegatingLauncher.execute(DelegatingLauncher.java:47)
	at org.junit.platform.launcher.core.InterceptingLauncher.lambda$execute$1(InterceptingLauncher.java:39)
	at org.junit.platform.launcher.core.ClasspathAlignmentCheckingLauncherInterceptor.intercept(ClasspathAlignmentCheckingLauncherInterceptor.java:25)
	at org.junit.platform.launcher.core.InterceptingLauncher.execute(InterceptingLauncher.java:38)
	at org.junit.platform.launcher.core.DelegatingLauncher.execute(DelegatingLauncher.java:47)
	at org.apache.maven.surefire.junitplatform.LazyLauncher.execute(LazyLauncher.java:56)
	at org.apache.maven.surefire.junitplatform.JUnitPlatformProvider.execute(JUnitPlatformProvider.java:194)
	at org.apache.maven.surefire.junitplatform.JUnitPlatformProvider.invokeAllTests(JUnitPlatformProvider.java:150)
	at org.apache.maven.surefire.junitplatform.JUnitPlatformProvider.invoke(JUnitPlatformProvider.java:124)
	at org.apache.maven.surefire.booter.ForkedBooter.runSuitesInProcess(ForkedBooter.java:385)
	at org.apache.maven.surefire.booter.ForkedBooter.execute(ForkedBooter.java:162)
	at org.apache.maven.surefire.booter.ForkedBooter.run(ForkedBooter.java:507)
	at org.apache.maven.surefire.booter.ForkedBooter.main(ForkedBooter.java:495)
[main] - 2026-09-09 23:56:09,343  INFO  c.a.chat.storage.ChatStorageFactory - Creating ChatStorageProvider for: MongoDB
[main] - 2026-09-09 23:56:09,343  INFO  c.a.chat.storage.ChatStorageFactory - Creating ChatStorageProvider for: Supabase
[main] - 2026-09-09 23:56:09,351  INFO  c.a.chat.storage.ChatStorageFactory - Creating ChatStorageProvider for: H2 Database
[main] - 2026-09-09 23:56:09,351  INFO  c.a.chat.storage.ChatStorageFactory - [SQL] Using H2 Database: url=jdbc:h2:mem:refresh_test
[main] - 2026-09-09 23:56:09,351  INFO  c.a.c.s.p.SqlChatStorageProvider - [SQL] Creating DataSource for H2 Database: url=jdbc:h2:mem:refresh_test
[main] - 2026-09-09 23:56:09,351  INFO  com.zaxxer.hikari.HikariDataSource - chat-storage-h2 - Starting...
[main] - 2026-09-09 23:56:09,353  INFO  com.zaxxer.hikari.pool.HikariPool - chat-storage-h2 - Added connection conn10: url=jdbc:h2:mem:refresh_test user=
[main] - 2026-09-09 23:56:09,355  INFO  com.zaxxer.hikari.HikariDataSource - chat-storage-h2 - Start completed.
[main] - 2026-09-09 23:56:09,355  INFO  c.a.c.s.p.SqlChatStorageProvider - [SQL] Initializing schema for H2 Database
[main] - 2026-09-09 23:56:09,356  ERROR c.a.c.s.p.SqlChatStorageProvider - [SQL] Failed to initialize schema
org.h2.jdbc.JdbcSQLNonTransientException: Unknown data type: "IDX_MESSAGES_CONVERSATION"; SQL statement:
CREATE TABLE IF NOT EXISTS chat_messages (  id VARCHAR(64) PRIMARY KEY,  conversation_id VARCHAR(64) NOT NULL,  sender_id VARCHAR(64) NOT NULL,  sender_email VARCHAR(255),  sender_name VARCHAR(255),  receiver_id VARCHAR(64) NOT NULL,  receiver_email VARCHAR(255),  content TEXT NOT NULL,  message_type VARCHAR(32) DEFAULT 'TEXT',  media_url TEXT,  media_mime_type VARCHAR(128),  media_size BIGINT,  is_read BOOLEAN DEFAULT false,  read_at TIMESTAMP,  status VARCHAR(32) DEFAULT 'SENT',  is_deleted BOOLEAN DEFAULT false,  created_at TIMESTAMP DEFAULT CURRENT_TIMESTAMP,  updated_at TIMESTAMP DEFAULT CURRENT_TIMESTAMP,  metadata TEXT,  tenant_id VARCHAR(64),  INDEX idx_messages_conversation (conversation_id),  INDEX idx_messages_sender (sender_id),  INDEX idx_messages_receiver (receiver_id),  INDEX idx_messages_unread (receiver_id, is_read),  INDEX idx_messages_created (created_at)) [50004-232]
	at org.h2.message.DbException.getJdbcSQLException(DbException.java:566)
	at org.h2.message.DbException.getJdbcSQLException(DbException.java:489)
	at org.h2.message.DbException.get(DbException.java:223)
	at org.h2.message.DbException.get(DbException.java:199)
	at org.h2.command.Parser.readIfDataType1(Parser.java:5860)
	at org.h2.command.Parser.readIfDataType(Parser.java:5698)
	at org.h2.command.Parser.parseColumnWithType(Parser.java:5680)
	at org.h2.command.Parser.parseColumnForTable(Parser.java:5559)
	at org.h2.command.Parser.parseTableColumnDefinition(Parser.java:8876)
	at org.h2.command.Parser.parseCreateTable(Parser.java:8819)
	at org.h2.command.Parser.parseCreate(Parser.java:6398)
	at org.h2.command.Parser.parsePrepared(Parser.java:645)
	at org.h2.command.Parser.parse(Parser.java:581)
	at org.h2.command.Parser.parse(Parser.java:556)
	at org.h2.command.Parser.prepareCommand(Parser.java:484)
	at org.h2.engine.SessionLocal.prepareLocal(SessionLocal.java:645)
	at org.h2.engine.SessionLocal.prepareCommand(SessionLocal.java:561)
	at org.h2.jdbc.JdbcConnection.prepareCommand(JdbcConnection.java:1164)
	at org.h2.jdbc.JdbcStatement.executeUpdateInternal(JdbcStatement.java:190)
	at org.h2.jdbc.JdbcStatement.executeUpdate(JdbcStatement.java:147)
	at com.zaxxer.hikari.pool.ProxyStatement.executeUpdate(ProxyStatement.java:120)
	at com.zaxxer.hikari.pool.HikariProxyStatement.executeUpdate(HikariProxyStatement.java)
	at com.ayush.chat.storage.provider.SqlChatStorageProvider.initializeSchema(SqlChatStorageProvider.java:519)
	at com.ayush.chat.storage.provider.SqlChatStorageProvider.<init>(SqlChatStorageProvider.java:37)
	at com.ayush.chat.storage.ChatStorageFactory.createProvider(ChatStorageFactory.java:60)
	at java.base/java.util.concurrent.ConcurrentHashMap.computeIfAbsent(ConcurrentHashMap.java:1708)
	at com.ayush.chat.storage.ChatStorageFactory.getProvider(ChatStorageFactory.java:48)
	at com.ayush.chat.storage.ChatStorageFactory.getProvider(ChatStorageFactory.java:40)
	at com.ayush.chat.storage.ChatStorageFactoryTest.refreshProviderShouldReturnNewInstance(ChatStorageFactoryTest.java:224)
	at java.base/jdk.internal.reflect.NativeMethodAccessorImpl.invoke0(Native Method)
	at java.base/jdk.internal.reflect.NativeMethodAccessorImpl.invoke(NativeMethodAccessorImpl.java:77)
	at java.base/jdk.internal.reflect.DelegatingMethodAccessorImpl.invoke(DelegatingMethodAccessorImpl.java:43)
	at java.base/java.lang.reflect.Method.invoke(Method.java:568)
	at org.junit.platform.commons.util.ReflectionUtils.invokeMethod(ReflectionUtils.java:775)
	at org.junit.platform.commons.support.ReflectionSupport.invokeMethod(ReflectionSupport.java:479)
	at org.junit.jupiter.engine.execution.MethodInvocation.proceed(MethodInvocation.java:60)
	at org.junit.jupiter.engine.execution.InvocationInterceptorChain$ValidatingInvocation.proceed(InvocationInterceptorChain.java:131)
	at org.junit.jupiter.engine.extension.TimeoutExtension.intercept(TimeoutExtension.java:161)
	at org.junit.jupiter.engine.extension.TimeoutExtension.interceptTestableMethod(TimeoutExtension.java:152)
	at org.junit.jupiter.engine.extension.TimeoutExtension.interceptTestMethod(TimeoutExtension.java:91)
	at org.junit.jupiter.engine.execution.InterceptingExecutableInvoker$ReflectiveInterceptorCall.lambda$ofVoidMethod$0(InterceptingExecutableInvoker.java:112)
	at org.junit.jupiter.engine.execution.InterceptingExecutableInvoker.lambda$invoke$0(InterceptingExecutableInvoker.java:94)
	at org.junit.jupiter.engine.execution.InvocationInterceptorChain$InterceptedInvocation.proceed(InvocationInterceptorChain.java:106)
	at org.junit.jupiter.engine.execution.InvocationInterceptorChain.proceed(InvocationInterceptorChain.java:64)
	at org.junit.jupiter.engine.execution.InvocationInterceptorChain.chainAndInvoke(InvocationInterceptorChain.java:45)
	at org.junit.jupiter.engine.execution.InvocationInterceptorChain.invoke(InvocationInterceptorChain.java:37)
	at org.junit.jupiter.engine.execution.InterceptingExecutableInvoker.invoke(InterceptingExecutableInvoker.java:93)
	at org.junit.jupiter.engine.execution.InterceptingExecutableInvoker.invoke(InterceptingExecutableInvoker.java:87)
	at org.junit.jupiter.engine.descriptor.TestMethodTestDescriptor.lambda$invokeTestMethod$7(TestMethodTestDescriptor.java:216)
	at org.junit.platform.engine.support.hierarchical.ThrowableCollector.execute(ThrowableCollector.java:73)
	at org.junit.jupiter.engine.descriptor.TestMethodTestDescriptor.invokeTestMethod(TestMethodTestDescriptor.java:212)
	at org.junit.jupiter.engine.descriptor.TestMethodTestDescriptor.execute(TestMethodTestDescriptor.java:137)
	at org.junit.jupiter.engine.descriptor.TestMethodTestDescriptor.execute(TestMethodTestDescriptor.java:69)
	at org.junit.platform.engine.support.hierarchical.NodeTestTask.lambda$executeRecursively$6(NodeTestTask.java:156)
	at org.junit.platform.engine.support.hierarchical.ThrowableCollector.execute(ThrowableCollector.java:73)
	at org.junit.platform.engine.support.hierarchical.NodeTestTask.lambda$executeRecursively$8(NodeTestTask.java:146)
	at org.junit.platform.engine.support.hierarchical.Node.around(Node.java:137)
	at org.junit.platform.engine.support.hierarchical.NodeTestTask.lambda$executeRecursively$9(NodeTestTask.java:144)
	at org.junit.platform.engine.support.hierarchical.ThrowableCollector.execute(ThrowableCollector.java:73)
	at org.junit.platform.engine.support.hierarchical.NodeTestTask.executeRecursively(NodeTestTask.java:143)
	at org.junit.platform.engine.support.hierarchical.NodeTestTask.execute(NodeTestTask.java:100)
	at java.base/java.util.ArrayList.forEach(ArrayList.java:1511)
	at org.junit.platform.engine.support.hierarchical.SameThreadHierarchicalTestExecutorService.invokeAll(SameThreadHierarchicalTestExecutorService.java:41)
	at org.junit.platform.engine.support.hierarchical.NodeTestTask.lambda$executeRecursively$6(NodeTestTask.java:160)
	at org.junit.platform.engine.support.hierarchical.ThrowableCollector.execute(ThrowableCollector.java:73)
	at org.junit.platform.engine.support.hierarchical.NodeTestTask.lambda$executeRecursively$8(NodeTestTask.java:146)
	at org.junit.platform.engine.support.hierarchical.Node.around(Node.java:137)
	at org.junit.platform.engine.support.hierarchical.NodeTestTask.lambda$executeRecursively$9(NodeTestTask.java:144)
	at org.junit.platform.engine.support.hierarchical.ThrowableCollector.execute(ThrowableCollector.java:73)
	at org.junit.platform.engine.support.hierarchical.NodeTestTask.executeRecursively(NodeTestTask.java:143)
	at org.junit.platform.engine.support.hierarchical.NodeTestTask.execute(NodeTestTask.java:100)
	at java.base/java.util.ArrayList.forEach(ArrayList.java:1511)
	at org.junit.platform.engine.support.hierarchical.SameThreadHierarchicalTestExecutorService.invokeAll(SameThreadHierarchicalTestExecutorService.java:41)
	at org.junit.platform.engine.support.hierarchical.NodeTestTask.lambda$executeRecursively$6(NodeTestTask.java:160)
	at org.junit.platform.engine.support.hierarchical.ThrowableCollector.execute(ThrowableCollector.java:73)
	at org.junit.platform.engine.support.hierarchical.NodeTestTask.lambda$executeRecursively$8(NodeTestTask.java:146)
	at org.junit.platform.engine.support.hierarchical.Node.around(Node.java:137)
	at org.junit.platform.engine.support.hierarchical.NodeTestTask.lambda$executeRecursively$9(NodeTestTask.java:144)
	at org.junit.platform.engine.support.hierarchical.ThrowableCollector.execute(ThrowableCollector.java:73)
	at org.junit.platform.engine.support.hierarchical.NodeTestTask.executeRecursively(NodeTestTask.java:143)
	at org.junit.platform.engine.support.hierarchical.NodeTestTask.execute(NodeTestTask.java:100)
	at org.junit.platform.engine.support.hierarchical.SameThreadHierarchicalTestExecutorService.submit(SameThreadHierarchicalTestExecutorService.java:35)
	at org.junit.platform.engine.support.hierarchical.HierarchicalTestExecutor.execute(HierarchicalTestExecutor.java:57)
	at org.junit.platform.engine.support.hierarchical.HierarchicalTestEngine.execute(HierarchicalTestEngine.java:54)
	at org.junit.platform.launcher.core.EngineExecutionOrchestrator.execute(EngineExecutionOrchestrator.java:201)
	at org.junit.platform.launcher.core.EngineExecutionOrchestrator.execute(EngineExecutionOrchestrator.java:170)
	at org.junit.platform.launcher.core.EngineExecutionOrchestrator.execute(EngineExecutionOrchestrator.java:94)
	at org.junit.platform.launcher.core.EngineExecutionOrchestrator.lambda$execute$0(EngineExecutionOrchestrator.java:59)
	at org.junit.platform.launcher.core.EngineExecutionOrchestrator.withInterceptedStreams(EngineExecutionOrchestrator.java:142)
	at org.junit.platform.launcher.core.EngineExecutionOrchestrator.execute(EngineExecutionOrchestrator.java:58)
	at org.junit.platform.launcher.core.DefaultLauncher.execute(DefaultLauncher.java:103)
	at org.junit.platform.launcher.core.DefaultLauncher.execute(DefaultLauncher.java:85)
	at org.junit.platform.launcher.core.DelegatingLauncher.execute(DelegatingLauncher.java:47)
	at org.junit.platform.launcher.core.InterceptingLauncher.lambda$execute$1(InterceptingLauncher.java:39)
	at org.junit.platform.launcher.core.ClasspathAlignmentCheckingLauncherInterceptor.intercept(ClasspathAlignmentCheckingLauncherInterceptor.java:25)
	at org.junit.platform.launcher.core.InterceptingLauncher.execute(InterceptingLauncher.java:38)
	at org.junit.platform.launcher.core.DelegatingLauncher.execute(DelegatingLauncher.java:47)
	at org.apache.maven.surefire.junitplatform.LazyLauncher.execute(LazyLauncher.java:56)
	at org.apache.maven.surefire.junitplatform.JUnitPlatformProvider.execute(JUnitPlatformProvider.java:194)
	at org.apache.maven.surefire.junitplatform.JUnitPlatformProvider.invokeAllTests(JUnitPlatformProvider.java:150)
	at org.apache.maven.surefire.junitplatform.JUnitPlatformProvider.invoke(JUnitPlatformProvider.java:124)
	at org.apache.maven.surefire.booter.ForkedBooter.runSuitesInProcess(ForkedBooter.java:385)
	at org.apache.maven.surefire.booter.ForkedBooter.execute(ForkedBooter.java:162)
	at org.apache.maven.surefire.booter.ForkedBooter.run(ForkedBooter.java:507)
	at org.apache.maven.surefire.booter.ForkedBooter.main(ForkedBooter.java:495)
[main] - 2026-09-09 23:56:09,361  INFO  c.a.chat.storage.ChatStorageFactory - Creating ChatStorageProvider for: Supabase
[main] - 2026-09-09 23:56:09,361  INFO  c.a.chat.storage.ChatStorageFactory - Creating ChatStorageProvider for: MySQL
[main] - 2026-09-09 23:56:09,363  INFO  c.a.chat.storage.ChatStorageFactory - [SQL] Using MySQL: url=jdbc:h2:mem:mysql_test
[main] - 2026-09-09 23:56:09,363  INFO  c.a.c.s.p.SqlChatStorageProvider - [SQL] Creating DataSource for MySQL: url=jdbc:h2:mem:mysql_test
[main] - 2026-09-09 23:56:09,363  INFO  com.zaxxer.hikari.HikariDataSource - chat-storage-mysql - Starting...
[main] - 2026-09-09 23:56:09,366  INFO  com.zaxxer.hikari.pool.HikariPool - chat-storage-mysql - Added connection conn11: url=jdbc:h2:mem:mysql_test user=
[main] - 2026-09-09 23:56:09,366  INFO  com.zaxxer.hikari.HikariDataSource - chat-storage-mysql - Start completed.
[main] - 2026-09-09 23:56:09,366  INFO  c.a.c.s.p.SqlChatStorageProvider - [SQL] Initializing schema for MySQL
[main] - 2026-09-09 23:56:09,368  ERROR c.a.c.s.p.SqlChatStorageProvider - [SQL] Failed to initialize schema
org.h2.jdbc.JdbcSQLNonTransientException: Unknown data type: "IDX_MESSAGES_CONVERSATION"; SQL statement:
CREATE TABLE IF NOT EXISTS chat_messages (  id VARCHAR(64) PRIMARY KEY,  conversation_id VARCHAR(64) NOT NULL,  sender_id VARCHAR(64) NOT NULL,  sender_email VARCHAR(255),  sender_name VARCHAR(255),  receiver_id VARCHAR(64) NOT NULL,  receiver_email VARCHAR(255),  content TEXT NOT NULL,  message_type VARCHAR(32) DEFAULT 'TEXT',  media_url TEXT,  media_mime_type VARCHAR(128),  media_size BIGINT,  is_read BOOLEAN DEFAULT false,  read_at TIMESTAMP,  status VARCHAR(32) DEFAULT 'SENT',  is_deleted BOOLEAN DEFAULT false,  created_at TIMESTAMP DEFAULT CURRENT_TIMESTAMP,  updated_at TIMESTAMP DEFAULT CURRENT_TIMESTAMP,  metadata TEXT,  tenant_id VARCHAR(64),  INDEX idx_messages_conversation (conversation_id),  INDEX idx_messages_sender (sender_id),  INDEX idx_messages_receiver (receiver_id),  INDEX idx_messages_unread (receiver_id, is_read),  INDEX idx_messages_created (created_at)) [50004-232]
	at org.h2.message.DbException.getJdbcSQLException(DbException.java:566)
	at org.h2.message.DbException.getJdbcSQLException(DbException.java:489)
	at org.h2.message.DbException.get(DbException.java:223)
	at org.h2.message.DbException.get(DbException.java:199)
	at org.h2.command.Parser.readIfDataType1(Parser.java:5860)
	at org.h2.command.Parser.readIfDataType(Parser.java:5698)
	at org.h2.command.Parser.parseColumnWithType(Parser.java:5680)
	at org.h2.command.Parser.parseColumnForTable(Parser.java:5559)
	at org.h2.command.Parser.parseTableColumnDefinition(Parser.java:8876)
	at org.h2.command.Parser.parseCreateTable(Parser.java:8819)
	at org.h2.command.Parser.parseCreate(Parser.java:6398)
	at org.h2.command.Parser.parsePrepared(Parser.java:645)
	at org.h2.command.Parser.parse(Parser.java:581)
	at org.h2.command.Parser.parse(Parser.java:556)
	at org.h2.command.Parser.prepareCommand(Parser.java:484)
	at org.h2.engine.SessionLocal.prepareLocal(SessionLocal.java:645)
	at org.h2.engine.SessionLocal.prepareCommand(SessionLocal.java:561)
	at org.h2.jdbc.JdbcConnection.prepareCommand(JdbcConnection.java:1164)
	at org.h2.jdbc.JdbcStatement.executeUpdateInternal(JdbcStatement.java:190)
	at org.h2.jdbc.JdbcStatement.executeUpdate(JdbcStatement.java:147)
	at com.zaxxer.hikari.pool.ProxyStatement.executeUpdate(ProxyStatement.java:120)
	at com.zaxxer.hikari.pool.HikariProxyStatement.executeUpdate(HikariProxyStatement.java)
	at com.ayush.chat.storage.provider.SqlChatStorageProvider.initializeSchema(SqlChatStorageProvider.java:519)
	at com.ayush.chat.storage.provider.SqlChatStorageProvider.<init>(SqlChatStorageProvider.java:37)
	at com.ayush.chat.storage.ChatStorageFactory.createProvider(ChatStorageFactory.java:60)
	at java.base/java.util.concurrent.ConcurrentHashMap.computeIfAbsent(ConcurrentHashMap.java:1708)
	at com.ayush.chat.storage.ChatStorageFactory.getProvider(ChatStorageFactory.java:48)
	at com.ayush.chat.storage.ChatStorageFactory.getProvider(ChatStorageFactory.java:40)
	at com.ayush.chat.storage.ChatStorageFactoryTest.shouldCreateMySqlProviderWithValidConfig(ChatStorageFactoryTest.java:55)
	at java.base/jdk.internal.reflect.NativeMethodAccessorImpl.invoke0(Native Method)
	at java.base/jdk.internal.reflect.NativeMethodAccessorImpl.invoke(NativeMethodAccessorImpl.java:77)
	at java.base/jdk.internal.reflect.DelegatingMethodAccessorImpl.invoke(DelegatingMethodAccessorImpl.java:43)
	at java.base/java.lang.reflect.Method.invoke(Method.java:568)
	at org.junit.platform.commons.util.ReflectionUtils.invokeMethod(ReflectionUtils.java:775)
	at org.junit.platform.commons.support.ReflectionSupport.invokeMethod(ReflectionSupport.java:479)
	at org.junit.jupiter.engine.execution.MethodInvocation.proceed(MethodInvocation.java:60)
	at org.junit.jupiter.engine.execution.InvocationInterceptorChain$ValidatingInvocation.proceed(InvocationInterceptorChain.java:131)
	at org.junit.jupiter.engine.extension.TimeoutExtension.intercept(TimeoutExtension.java:161)
	at org.junit.jupiter.engine.extension.TimeoutExtension.interceptTestableMethod(TimeoutExtension.java:152)
	at org.junit.jupiter.engine.extension.TimeoutExtension.interceptTestMethod(TimeoutExtension.java:91)
	at org.junit.jupiter.engine.execution.InterceptingExecutableInvoker$ReflectiveInterceptorCall.lambda$ofVoidMethod$0(InterceptingExecutableInvoker.java:112)
	at org.junit.jupiter.engine.execution.InterceptingExecutableInvoker.lambda$invoke$0(InterceptingExecutableInvoker.java:94)
	at org.junit.jupiter.engine.execution.InvocationInterceptorChain$InterceptedInvocation.proceed(InvocationInterceptorChain.java:106)
	at org.junit.jupiter.engine.execution.InvocationInterceptorChain.proceed(InvocationInterceptorChain.java:64)
	at org.junit.jupiter.engine.execution.InvocationInterceptorChain.chainAndInvoke(InvocationInterceptorChain.java:45)
	at org.junit.jupiter.engine.execution.InvocationInterceptorChain.invoke(InvocationInterceptorChain.java:37)
	at org.junit.jupiter.engine.execution.InterceptingExecutableInvoker.invoke(InterceptingExecutableInvoker.java:93)
	at org.junit.jupiter.engine.execution.InterceptingExecutableInvoker.invoke(InterceptingExecutableInvoker.java:87)
	at org.junit.jupiter.engine.descriptor.TestMethodTestDescriptor.lambda$invokeTestMethod$7(TestMethodTestDescriptor.java:216)
	at org.junit.platform.engine.support.hierarchical.ThrowableCollector.execute(ThrowableCollector.java:73)
	at org.junit.jupiter.engine.descriptor.TestMethodTestDescriptor.invokeTestMethod(TestMethodTestDescriptor.java:212)
	at org.junit.jupiter.engine.descriptor.TestMethodTestDescriptor.execute(TestMethodTestDescriptor.java:137)
	at org.junit.jupiter.engine.descriptor.TestMethodTestDescriptor.execute(TestMethodTestDescriptor.java:69)
	at org.junit.platform.engine.support.hierarchical.NodeTestTask.lambda$executeRecursively$6(NodeTestTask.java:156)
	at org.junit.platform.engine.support.hierarchical.ThrowableCollector.execute(ThrowableCollector.java:73)
	at org.junit.platform.engine.support.hierarchical.NodeTestTask.lambda$executeRecursively$8(NodeTestTask.java:146)
	at org.junit.platform.engine.support.hierarchical.Node.around(Node.java:137)
	at org.junit.platform.engine.support.hierarchical.NodeTestTask.lambda$executeRecursively$9(NodeTestTask.java:144)
	at org.junit.platform.engine.support.hierarchical.ThrowableCollector.execute(ThrowableCollector.java:73)
	at org.junit.platform.engine.support.hierarchical.NodeTestTask.executeRecursively(NodeTestTask.java:143)
	at org.junit.platform.engine.support.hierarchical.NodeTestTask.execute(NodeTestTask.java:100)
	at java.base/java.util.ArrayList.forEach(ArrayList.java:1511)
	at org.junit.platform.engine.support.hierarchical.SameThreadHierarchicalTestExecutorService.invokeAll(SameThreadHierarchicalTestExecutorService.java:41)
	at org.junit.platform.engine.support.hierarchical.NodeTestTask.lambda$executeRecursively$6(NodeTestTask.java:160)
	at org.junit.platform.engine.support.hierarchical.ThrowableCollector.execute(ThrowableCollector.java:73)
	at org.junit.platform.engine.support.hierarchical.NodeTestTask.lambda$executeRecursively$8(NodeTestTask.java:146)
	at org.junit.platform.engine.support.hierarchical.Node.around(Node.java:137)
	at org.junit.platform.engine.support.hierarchical.NodeTestTask.lambda$executeRecursively$9(NodeTestTask.java:144)
	at org.junit.platform.engine.support.hierarchical.ThrowableCollector.execute(ThrowableCollector.java:73)
	at org.junit.platform.engine.support.hierarchical.NodeTestTask.executeRecursively(NodeTestTask.java:143)
	at org.junit.platform.engine.support.hierarchical.NodeTestTask.execute(NodeTestTask.java:100)
	at java.base/java.util.ArrayList.forEach(ArrayList.java:1511)
	at org.junit.platform.engine.support.hierarchical.SameThreadHierarchicalTestExecutorService.invokeAll(SameThreadHierarchicalTestExecutorService.java:41)
	at org.junit.platform.engine.support.hierarchical.NodeTestTask.lambda$executeRecursively$6(NodeTestTask.java:160)
	at org.junit.platform.engine.support.hierarchical.ThrowableCollector.execute(ThrowableCollector.java:73)
	at org.junit.platform.engine.support.hierarchical.NodeTestTask.lambda$executeRecursively$8(NodeTestTask.java:146)
	at org.junit.platform.engine.support.hierarchical.Node.around(Node.java:137)
	at org.junit.platform.engine.support.hierarchical.NodeTestTask.lambda$executeRecursively$9(NodeTestTask.java:144)
	at org.junit.platform.engine.support.hierarchical.ThrowableCollector.execute(ThrowableCollector.java:73)
	at org.junit.platform.engine.support.hierarchical.NodeTestTask.executeRecursively(NodeTestTask.java:143)
	at org.junit.platform.engine.support.hierarchical.NodeTestTask.execute(NodeTestTask.java:100)
	at org.junit.platform.engine.support.hierarchical.SameThreadHierarchicalTestExecutorService.submit(SameThreadHierarchicalTestExecutorService.java:35)
	at org.junit.platform.engine.support.hierarchical.HierarchicalTestExecutor.execute(HierarchicalTestExecutor.java:57)
	at org.junit.platform.engine.support.hierarchical.HierarchicalTestEngine.execute(HierarchicalTestEngine.java:54)
	at org.junit.platform.launcher.core.EngineExecutionOrchestrator.execute(EngineExecutionOrchestrator.java:201)
	at org.junit.platform.launcher.core.EngineExecutionOrchestrator.execute(EngineExecutionOrchestrator.java:170)
	at org.junit.platform.launcher.core.EngineExecutionOrchestrator.execute(EngineExecutionOrchestrator.java:94)
	at org.junit.platform.launcher.core.EngineExecutionOrchestrator.lambda$execute$0(EngineExecutionOrchestrator.java:59)
	at org.junit.platform.launcher.core.EngineExecutionOrchestrator.withInterceptedStreams(EngineExecutionOrchestrator.java:142)
	at org.junit.platform.launcher.core.EngineExecutionOrchestrator.execute(EngineExecutionOrchestrator.java:58)
	at org.junit.platform.launcher.core.DefaultLauncher.execute(DefaultLauncher.java:103)
	at org.junit.platform.launcher.core.DefaultLauncher.execute(DefaultLauncher.java:85)
	at org.junit.platform.launcher.core.DelegatingLauncher.execute(DelegatingLauncher.java:47)
	at org.junit.platform.launcher.core.InterceptingLauncher.lambda$execute$1(InterceptingLauncher.java:39)
	at org.junit.platform.launcher.core.ClasspathAlignmentCheckingLauncherInterceptor.intercept(ClasspathAlignmentCheckingLauncherInterceptor.java:25)
	at org.junit.platform.launcher.core.InterceptingLauncher.execute(InterceptingLauncher.java:38)
	at org.junit.platform.launcher.core.DelegatingLauncher.execute(DelegatingLauncher.java:47)
	at org.apache.maven.surefire.junitplatform.LazyLauncher.execute(LazyLauncher.java:56)
	at org.apache.maven.surefire.junitplatform.JUnitPlatformProvider.execute(JUnitPlatformProvider.java:194)
	at org.apache.maven.surefire.junitplatform.JUnitPlatformProvider.invokeAllTests(JUnitPlatformProvider.java:150)
	at org.apache.maven.surefire.junitplatform.JUnitPlatformProvider.invoke(JUnitPlatformProvider.java:124)
	at org.apache.maven.surefire.booter.ForkedBooter.runSuitesInProcess(ForkedBooter.java:385)
	at org.apache.maven.surefire.booter.ForkedBooter.execute(ForkedBooter.java:162)
	at org.apache.maven.surefire.booter.ForkedBooter.run(ForkedBooter.java:507)
	at org.apache.maven.surefire.booter.ForkedBooter.main(ForkedBooter.java:495)
[main] - 2026-09-09 23:56:09,370  INFO  c.a.chat.storage.ChatStorageFactory - Creating ChatStorageProvider for: Firebase Firestore
[main] - 2026-09-09 23:56:09,645  INFO  c.a.c.s.p.SqlChatStorageProvider - [SQL] Creating DataSource for H2 Database: url=jdbc:h2:mem:test_sql_be705167;DB_CLOSE_DELAY=-1
[main] - 2026-09-09 23:56:09,647  INFO  com.zaxxer.hikari.HikariDataSource - chat-storage-h2 - Starting...
[main] - 2026-09-09 23:56:09,651  INFO  com.zaxxer.hikari.pool.HikariPool - chat-storage-h2 - Added connection conn50: url=jdbc:h2:mem:test_sql_be705167 user=SA
[main] - 2026-09-09 23:56:09,651  INFO  com.zaxxer.hikari.HikariDataSource - chat-storage-h2 - Start completed.
[main] - 2026-09-09 23:56:09,651  INFO  c.a.c.s.p.SqlChatStorageProvider - [SQL] Initializing schema for H2 Database
[main] - 2026-09-09 23:56:09,655  ERROR c.a.c.s.p.SqlChatStorageProvider - [SQL] Failed to initialize schema
org.h2.jdbc.JdbcSQLNonTransientException: Unknown data type: "IDX_MESSAGES_CONVERSATION"; SQL statement:
CREATE TABLE IF NOT EXISTS test_be705167_messages (  id VARCHAR(64) PRIMARY KEY,  conversation_id VARCHAR(64) NOT NULL,  sender_id VARCHAR(64) NOT NULL,  sender_email VARCHAR(255),  sender_name VARCHAR(255),  receiver_id VARCHAR(64) NOT NULL,  receiver_email VARCHAR(255),  content TEXT NOT NULL,  message_type VARCHAR(32) DEFAULT 'TEXT',  media_url TEXT,  media_mime_type VARCHAR(128),  media_size BIGINT,  is_read BOOLEAN DEFAULT false,  read_at TIMESTAMP,  status VARCHAR(32) DEFAULT 'SENT',  is_deleted BOOLEAN DEFAULT false,  created_at TIMESTAMP DEFAULT CURRENT_TIMESTAMP,  updated_at TIMESTAMP DEFAULT CURRENT_TIMESTAMP,  metadata TEXT,  tenant_id VARCHAR(64),  INDEX idx_messages_conversation (conversation_id),  INDEX idx_messages_sender (sender_id),  INDEX idx_messages_receiver (receiver_id),  INDEX idx_messages_unread (receiver_id, is_read),  INDEX idx_messages_created (created_at)) [50004-232]
	at org.h2.message.DbException.getJdbcSQLException(DbException.java:566)
	at org.h2.message.DbException.getJdbcSQLException(DbException.java:489)
	at org.h2.message.DbException.get(DbException.java:223)
	at org.h2.message.DbException.get(DbException.java:199)
	at org.h2.command.Parser.readIfDataType1(Parser.java:5860)
	at org.h2.command.Parser.readIfDataType(Parser.java:5698)
	at org.h2.command.Parser.parseColumnWithType(Parser.java:5680)
	at org.h2.command.Parser.parseColumnForTable(Parser.java:5559)
	at org.h2.command.Parser.parseTableColumnDefinition(Parser.java:8876)
	at org.h2.command.Parser.parseCreateTable(Parser.java:8819)
	at org.h2.command.Parser.parseCreate(Parser.java:6398)
	at org.h2.command.Parser.parsePrepared(Parser.java:645)
	at org.h2.command.Parser.parse(Parser.java:581)
	at org.h2.command.Parser.parse(Parser.java:556)
	at org.h2.command.Parser.prepareCommand(Parser.java:484)
	at org.h2.engine.SessionLocal.prepareLocal(SessionLocal.java:645)
	at org.h2.engine.SessionLocal.prepareCommand(SessionLocal.java:561)
	at org.h2.jdbc.JdbcConnection.prepareCommand(JdbcConnection.java:1164)
	at org.h2.jdbc.JdbcStatement.executeUpdateInternal(JdbcStatement.java:190)
	at org.h2.jdbc.JdbcStatement.executeUpdate(JdbcStatement.java:147)
	at com.zaxxer.hikari.pool.ProxyStatement.executeUpdate(ProxyStatement.java:120)
	at com.zaxxer.hikari.pool.HikariProxyStatement.executeUpdate(HikariProxyStatement.java)
	at com.ayush.chat.storage.provider.SqlChatStorageProvider.initializeSchema(SqlChatStorageProvider.java:519)
	at com.ayush.chat.storage.provider.SqlChatStorageProvider.<init>(SqlChatStorageProvider.java:37)
	at com.ayush.chat.storage.provider.SqlChatStorageProviderTest.setUpProvider(SqlChatStorageProviderTest.java:40)
	at java.base/jdk.internal.reflect.NativeMethodAccessorImpl.invoke0(Native Method)
	at java.base/jdk.internal.reflect.NativeMethodAccessorImpl.invoke(NativeMethodAccessorImpl.java:77)
	at java.base/jdk.internal.reflect.DelegatingMethodAccessorImpl.invoke(DelegatingMethodAccessorImpl.java:43)
	at java.base/java.lang.reflect.Method.invoke(Method.java:568)
	at org.junit.platform.commons.util.ReflectionUtils.invokeMethod(ReflectionUtils.java:775)
	at org.junit.platform.commons.support.ReflectionSupport.invokeMethod(ReflectionSupport.java:479)
	at org.junit.jupiter.engine.execution.MethodInvocation.proceed(MethodInvocation.java:60)
	at org.junit.jupiter.engine.execution.InvocationInterceptorChain$ValidatingInvocation.proceed(InvocationInterceptorChain.java:131)
	at org.junit.jupiter.engine.extension.TimeoutExtension.intercept(TimeoutExtension.java:161)
	at org.junit.jupiter.engine.extension.TimeoutExtension.interceptLifecycleMethod(TimeoutExtension.java:133)
	at org.junit.jupiter.engine.extension.TimeoutExtension.interceptBeforeAllMethod(TimeoutExtension.java:75)
	at org.junit.jupiter.engine.execution.InterceptingExecutableInvoker$ReflectiveInterceptorCall.lambda$ofVoidMethod$0(InterceptingExecutableInvoker.java:112)
	at org.junit.jupiter.engine.execution.InterceptingExecutableInvoker.lambda$invoke$0(InterceptingExecutableInvoker.java:94)
	at org.junit.jupiter.engine.execution.InvocationInterceptorChain$InterceptedInvocation.proceed(InvocationInterceptorChain.java:106)
	at org.junit.jupiter.engine.execution.InvocationInterceptorChain.proceed(InvocationInterceptorChain.java:64)
	at org.junit.jupiter.engine.execution.InvocationInterceptorChain.chainAndInvoke(InvocationInterceptorChain.java:45)
	at org.junit.jupiter.engine.execution.InvocationInterceptorChain.invoke(InvocationInterceptorChain.java:37)
	at org.junit.jupiter.engine.execution.InterceptingExecutableInvoker.invoke(InterceptingExecutableInvoker.java:93)
	at org.junit.jupiter.engine.execution.InterceptingExecutableInvoker.invoke(InterceptingExecutableInvoker.java:87)
	at org.junit.jupiter.engine.descriptor.ClassBasedTestDescriptor.lambda$invokeBeforeAllMethods$13(ClassBasedTestDescriptor.java:417)
	at org.junit.platform.engine.support.hierarchical.ThrowableCollector.execute(ThrowableCollector.java:73)
	at org.junit.jupiter.engine.descriptor.ClassBasedTestDescriptor.invokeBeforeAllMethods(ClassBasedTestDescriptor.java:415)
	at org.junit.jupiter.engine.descriptor.ClassBasedTestDescriptor.before(ClassBasedTestDescriptor.java:216)
	at org.junit.jupiter.engine.descriptor.ClassBasedTestDescriptor.before(ClassBasedTestDescriptor.java:84)
	at org.junit.platform.engine.support.hierarchical.NodeTestTask.lambda$executeRecursively$6(NodeTestTask.java:153)
	at org.junit.platform.engine.support.hierarchical.ThrowableCollector.execute(ThrowableCollector.java:73)
	at org.junit.platform.engine.support.hierarchical.NodeTestTask.lambda$executeRecursively$8(NodeTestTask.java:146)
	at org.junit.platform.engine.support.hierarchical.Node.around(Node.java:137)
	at org.junit.platform.engine.support.hierarchical.NodeTestTask.lambda$executeRecursively$9(NodeTestTask.java:144)
	at org.junit.platform.engine.support.hierarchical.ThrowableCollector.execute(ThrowableCollector.java:73)
	at org.junit.platform.engine.support.hierarchical.NodeTestTask.executeRecursively(NodeTestTask.java:143)
	at org.junit.platform.engine.support.hierarchical.NodeTestTask.execute(NodeTestTask.java:100)
	at java.base/java.util.ArrayList.forEach(ArrayList.java:1511)
	at org.junit.platform.engine.support.hierarchical.SameThreadHierarchicalTestExecutorService.invokeAll(SameThreadHierarchicalTestExecutorService.java:41)
	at org.junit.platform.engine.support.hierarchical.NodeTestTask.lambda$executeRecursively$6(NodeTestTask.java:160)
	at org.junit.platform.engine.support.hierarchical.ThrowableCollector.execute(ThrowableCollector.java:73)
	at org.junit.platform.engine.support.hierarchical.NodeTestTask.lambda$executeRecursively$8(NodeTestTask.java:146)
	at org.junit.platform.engine.support.hierarchical.Node.around(Node.java:137)
	at org.junit.platform.engine.support.hierarchical.NodeTestTask.lambda$executeRecursively$9(NodeTestTask.java:144)
	at org.junit.platform.engine.support.hierarchical.ThrowableCollector.execute(ThrowableCollector.java:73)
	at org.junit.platform.engine.support.hierarchical.NodeTestTask.executeRecursively(NodeTestTask.java:143)
	at org.junit.platform.engine.support.hierarchical.NodeTestTask.execute(NodeTestTask.java:100)
	at org.junit.platform.engine.support.hierarchical.SameThreadHierarchicalTestExecutorService.submit(SameThreadHierarchicalTestExecutorService.java:35)
	at org.junit.platform.engine.support.hierarchical.HierarchicalTestExecutor.execute(HierarchicalTestExecutor.java:57)
	at org.junit.platform.engine.support.hierarchical.HierarchicalTestEngine.execute(HierarchicalTestEngine.java:54)
	at org.junit.platform.launcher.core.EngineExecutionOrchestrator.execute(EngineExecutionOrchestrator.java:201)
	at org.junit.platform.launcher.core.EngineExecutionOrchestrator.execute(EngineExecutionOrchestrator.java:170)
	at org.junit.platform.launcher.core.EngineExecutionOrchestrator.execute(EngineExecutionOrchestrator.java:94)
	at org.junit.platform.launcher.core.EngineExecutionOrchestrator.lambda$execute$0(EngineExecutionOrchestrator.java:59)
	at org.junit.platform.launcher.core.EngineExecutionOrchestrator.withInterceptedStreams(EngineExecutionOrchestrator.java:142)
	at org.junit.platform.launcher.core.EngineExecutionOrchestrator.execute(EngineExecutionOrchestrator.java:58)
	at org.junit.platform.launcher.core.DefaultLauncher.execute(DefaultLauncher.java:103)
	at org.junit.platform.launcher.core.DefaultLauncher.execute(DefaultLauncher.java:85)
	at org.junit.platform.launcher.core.DelegatingLauncher.execute(DelegatingLauncher.java:47)
	at org.junit.platform.launcher.core.InterceptingLauncher.lambda$execute$1(InterceptingLauncher.java:39)
	at org.junit.platform.launcher.core.ClasspathAlignmentCheckingLauncherInterceptor.intercept(ClasspathAlignmentCheckingLauncherInterceptor.java:25)
	at org.junit.platform.launcher.core.InterceptingLauncher.execute(InterceptingLauncher.java:38)
	at org.junit.platform.launcher.core.DelegatingLauncher.execute(DelegatingLauncher.java:47)
	at org.apache.maven.surefire.junitplatform.LazyLauncher.execute(LazyLauncher.java:56)
	at org.apache.maven.surefire.junitplatform.JUnitPlatformProvider.execute(JUnitPlatformProvider.java:194)
	at org.apache.maven.surefire.junitplatform.JUnitPlatformProvider.invokeAllTests(JUnitPlatformProvider.java:150)
	at org.apache.maven.surefire.junitplatform.JUnitPlatformProvider.invoke(JUnitPlatformProvider.java:124)
	at org.apache.maven.surefire.booter.ForkedBooter.runSuitesInProcess(ForkedBooter.java:385)
	at org.apache.maven.surefire.booter.ForkedBooter.execute(ForkedBooter.java:162)
	at org.apache.maven.surefire.booter.ForkedBooter.run(ForkedBooter.java:507)
	at org.apache.maven.surefire.booter.ForkedBooter.main(ForkedBooter.java:495)
[main] - 2026-09-09 23:57:47,665  INFO  c.a.chat.storage.ChatStorageFactory - Creating ChatStorageProvider for: H2 Database
[main] - 2026-09-09 23:57:47,667  INFO  c.a.chat.storage.ChatStorageFactory - [SQL] Using H2 Database: url=jdbc:h2:mem:health_test
[main] - 2026-09-09 23:57:47,681  INFO  c.a.c.s.p.SqlChatStorageProvider - [SQL] Creating DataSource for H2 Database: url=jdbc:h2:mem:health_test
[main] - 2026-09-09 23:57:47,685  INFO  com.zaxxer.hikari.HikariDataSource - chat-storage-h2 - Starting...
[main] - 2026-09-09 23:57:48,014  INFO  com.zaxxer.hikari.pool.HikariPool - chat-storage-h2 - Added connection conn0: url=jdbc:h2:mem:health_test user=
[main] - 2026-09-09 23:57:48,014  INFO  com.zaxxer.hikari.HikariDataSource - chat-storage-h2 - Start completed.
[main] - 2026-09-09 23:57:48,014  INFO  c.a.c.s.p.SqlChatStorageProvider - [SQL] Initializing schema for H2 Database
[main] - 2026-09-09 23:57:48,042  INFO  c.a.c.s.p.SqlChatStorageProvider - [SQL] Schema initialized successfully for H2 Database
[main] - 2026-09-09 23:57:48,064  INFO  c.a.chat.storage.ChatStorageFactory - Creating ChatStorageProvider for: H2 Database
[main] - 2026-09-09 23:57:48,064  INFO  c.a.chat.storage.ChatStorageFactory - [SQL] Using H2 Database: url=jdbc:h2:mem:test_factory
[main] - 2026-09-09 23:57:48,064  INFO  c.a.c.s.p.SqlChatStorageProvider - [SQL] Creating DataSource for H2 Database: url=jdbc:h2:mem:test_factory
[main] - 2026-09-09 23:57:48,064  INFO  com.zaxxer.hikari.HikariDataSource - chat-storage-h2 - Starting...
[main] - 2026-09-09 23:57:48,072  INFO  com.zaxxer.hikari.pool.HikariPool - chat-storage-h2 - Added connection conn1: url=jdbc:h2:mem:test_factory user=
[main] - 2026-09-09 23:57:48,072  INFO  com.zaxxer.hikari.HikariDataSource - chat-storage-h2 - Start completed.
[main] - 2026-09-09 23:57:48,072  INFO  c.a.c.s.p.SqlChatStorageProvider - [SQL] Initializing schema for H2 Database
[main] - 2026-09-09 23:57:48,078  INFO  c.a.c.s.p.SqlChatStorageProvider - [SQL] Schema initialized successfully for H2 Database
[main] - 2026-09-09 23:57:48,083  INFO  c.a.chat.storage.ChatStorageFactory - Creating ChatStorageProvider for: H2 Database
[main] - 2026-09-09 23:57:48,083  INFO  c.a.chat.storage.ChatStorageFactory - [SQL] Using H2 Database: url=jdbc:h2:mem:default_type_test
[main] - 2026-09-09 23:57:48,083  INFO  c.a.c.s.p.SqlChatStorageProvider - [SQL] Creating DataSource for H2 Database: url=jdbc:h2:mem:default_type_test
[main] - 2026-09-09 23:57:48,083  INFO  com.zaxxer.hikari.HikariDataSource - chat-storage-h2 - Starting...
[main] - 2026-09-09 23:57:48,085  INFO  com.zaxxer.hikari.pool.HikariPool - chat-storage-h2 - Added connection conn2: url=jdbc:h2:mem:default_type_test user=
[main] - 2026-09-09 23:57:48,087  INFO  com.zaxxer.hikari.HikariDataSource - chat-storage-h2 - Start completed.
[main] - 2026-09-09 23:57:48,087  INFO  c.a.c.s.p.SqlChatStorageProvider - [SQL] Initializing schema for H2 Database
[main] - 2026-09-09 23:57:48,091  INFO  c.a.c.s.p.SqlChatStorageProvider - [SQL] Schema initialized successfully for H2 Database
[main] - 2026-09-09 23:57:48,094  INFO  c.a.chat.storage.ChatStorageFactory - Creating ChatStorageProvider for: H2 Database
[main] - 2026-09-09 23:57:48,094  INFO  c.a.chat.storage.ChatStorageFactory - [SQL] Using H2 Database: url=jdbc:h2:mem:cache_type_test
[main] - 2026-09-09 23:57:48,095  INFO  c.a.c.s.p.SqlChatStorageProvider - [SQL] Creating DataSource for H2 Database: url=jdbc:h2:mem:cache_type_test
[main] - 2026-09-09 23:57:48,095  INFO  com.zaxxer.hikari.HikariDataSource - chat-storage-h2 - Starting...
[main] - 2026-09-09 23:57:48,097  INFO  com.zaxxer.hikari.pool.HikariPool - chat-storage-h2 - Added connection conn3: url=jdbc:h2:mem:cache_type_test user=
[main] - 2026-09-09 23:57:48,098  INFO  com.zaxxer.hikari.HikariDataSource - chat-storage-h2 - Start completed.
[main] - 2026-09-09 23:57:48,098  INFO  c.a.c.s.p.SqlChatStorageProvider - [SQL] Initializing schema for H2 Database
[main] - 2026-09-09 23:57:48,098  INFO  c.a.c.s.p.SqlChatStorageProvider - [SQL] Schema initialized successfully for H2 Database
[main] - 2026-09-09 23:57:48,105  INFO  c.a.chat.storage.ChatStorageFactory - Creating ChatStorageProvider for: H2 Database
[main] - 2026-09-09 23:57:48,105  INFO  c.a.chat.storage.ChatStorageFactory - [SQL] Using H2 Database: url=jdbc:h2:mem:cache_test
[main] - 2026-09-09 23:57:48,105  INFO  c.a.c.s.p.SqlChatStorageProvider - [SQL] Creating DataSource for H2 Database: url=jdbc:h2:mem:cache_test
[main] - 2026-09-09 23:57:48,105  INFO  com.zaxxer.hikari.HikariDataSource - chat-storage-h2 - Starting...
[main] - 2026-09-09 23:57:48,105  INFO  com.zaxxer.hikari.pool.HikariPool - chat-storage-h2 - Added connection conn4: url=jdbc:h2:mem:cache_test user=
[main] - 2026-09-09 23:57:48,105  INFO  com.zaxxer.hikari.HikariDataSource - chat-storage-h2 - Start completed.
[main] - 2026-09-09 23:57:48,105  INFO  c.a.c.s.p.SqlChatStorageProvider - [SQL] Initializing schema for H2 Database
[main] - 2026-09-09 23:57:48,112  INFO  c.a.c.s.p.SqlChatStorageProvider - [SQL] Schema initialized successfully for H2 Database
[main] - 2026-09-09 23:57:48,115  INFO  c.a.chat.storage.ChatStorageFactory - Creating ChatStorageProvider for: Supabase
[main] - 2026-09-09 23:57:48,115  INFO  c.a.chat.storage.ChatStorageFactory - Creating ChatStorageProvider for: MySQL
[main] - 2026-09-09 23:57:48,115  INFO  c.a.chat.storage.ChatStorageFactory - Creating ChatStorageProvider for: H2 Database
[main] - 2026-09-09 23:57:48,115  INFO  c.a.chat.storage.ChatStorageFactory - [SQL] Using H2 Database: url=jdbc:h2:mem:desc_test
[main] - 2026-09-09 23:57:48,115  INFO  c.a.c.s.p.SqlChatStorageProvider - [SQL] Creating DataSource for H2 Database: url=jdbc:h2:mem:desc_test
[main] - 2026-09-09 23:57:48,115  INFO  com.zaxxer.hikari.HikariDataSource - chat-storage-h2 - Starting...
[main] - 2026-09-09 23:57:48,115  INFO  com.zaxxer.hikari.pool.HikariPool - chat-storage-h2 - Added connection conn5: url=jdbc:h2:mem:desc_test user=
[main] - 2026-09-09 23:57:48,123  INFO  com.zaxxer.hikari.HikariDataSource - chat-storage-h2 - Start completed.
[main] - 2026-09-09 23:57:48,123  INFO  c.a.c.s.p.SqlChatStorageProvider - [SQL] Initializing schema for H2 Database
[main] - 2026-09-09 23:57:48,126  INFO  c.a.c.s.p.SqlChatStorageProvider - [SQL] Schema initialized successfully for H2 Database
[main] - 2026-09-09 23:57:48,129  INFO  c.a.chat.storage.ChatStorageFactory - Creating ChatStorageProvider for: PostgreSQL
[main] - 2026-09-09 23:57:48,134  INFO  c.a.chat.storage.ChatStorageFactory - Creating ChatStorageProvider for: Supabase
[main] - 2026-09-09 23:57:48,137  INFO  c.a.chat.storage.ChatStorageFactory - Creating ChatStorageProvider for: Firebase Firestore
[main] - 2026-09-09 23:57:48,137  INFO  c.a.chat.storage.ChatStorageFactory - Creating ChatStorageProvider for: MySQL
[main] - 2026-09-09 23:57:48,137  INFO  c.a.chat.storage.ChatStorageFactory - [SQL] Using MySQL: url=jdbc:h2:mem:desc_mysql
[main] - 2026-09-09 23:57:48,137  INFO  c.a.c.s.p.SqlChatStorageProvider - [SQL] Creating DataSource for MySQL: url=jdbc:h2:mem:desc_mysql
[main] - 2026-09-09 23:57:48,137  INFO  com.zaxxer.hikari.HikariDataSource - chat-storage-mysql - Starting...
[main] - 2026-09-09 23:57:48,137  INFO  com.zaxxer.hikari.pool.HikariPool - chat-storage-mysql - Added connection conn7: url=jdbc:h2:mem:desc_mysql user=
[main] - 2026-09-09 23:57:48,137  INFO  com.zaxxer.hikari.HikariDataSource - chat-storage-mysql - Start completed.
[main] - 2026-09-09 23:57:48,142  INFO  c.a.c.s.p.SqlChatStorageProvider - [SQL] Initializing schema for MySQL
[main] - 2026-09-09 23:57:48,145  INFO  c.a.c.s.p.SqlChatStorageProvider - [SQL] Schema initialized successfully for MySQL
[main] - 2026-09-09 23:57:48,147  INFO  c.a.chat.storage.ChatStorageFactory - Creating ChatStorageProvider for: PostgreSQL
[main] - 2026-09-09 23:57:48,147  INFO  c.a.chat.storage.ChatStorageFactory - [SQL] Using PostgreSQL: url=jdbc:h2:mem:pg_test
[main] - 2026-09-09 23:57:48,147  INFO  c.a.c.s.p.SqlChatStorageProvider - [SQL] Creating DataSource for PostgreSQL: url=jdbc:h2:mem:pg_test
[main] - 2026-09-09 23:57:48,147  INFO  com.zaxxer.hikari.HikariDataSource - chat-storage-postgresql - Starting...
[main] - 2026-09-09 23:57:48,147  INFO  com.zaxxer.hikari.pool.HikariPool - chat-storage-postgresql - Added connection conn8: url=jdbc:h2:mem:pg_test user=
[main] - 2026-09-09 23:57:48,147  INFO  com.zaxxer.hikari.HikariDataSource - chat-storage-postgresql - Start completed.
[main] - 2026-09-09 23:57:48,147  INFO  c.a.c.s.p.SqlChatStorageProvider - [SQL] Initializing schema for PostgreSQL
[main] - 2026-09-09 23:57:48,154  INFO  c.a.c.s.p.SqlChatStorageProvider - [SQL] Schema initialized successfully for PostgreSQL
[main] - 2026-09-09 23:57:48,156  INFO  c.a.chat.storage.ChatStorageFactory - Creating ChatStorageProvider for: MongoDB
[main] - 2026-09-09 23:57:48,158  INFO  c.a.chat.storage.ChatStorageFactory - Creating ChatStorageProvider for: Supabase
[main] - 2026-09-09 23:57:48,158  INFO  c.a.chat.storage.ChatStorageFactory - Creating ChatStorageProvider for: H2 Database
[main] - 2026-09-09 23:57:48,158  INFO  c.a.chat.storage.ChatStorageFactory - [SQL] Using H2 Database: url=jdbc:h2:mem:refresh_test
[main] - 2026-09-09 23:57:48,158  INFO  c.a.c.s.p.SqlChatStorageProvider - [SQL] Creating DataSource for H2 Database: url=jdbc:h2:mem:refresh_test
[main] - 2026-09-09 23:57:48,158  INFO  com.zaxxer.hikari.HikariDataSource - chat-storage-h2 - Starting...
[main] - 2026-09-09 23:57:48,163  INFO  com.zaxxer.hikari.pool.HikariPool - chat-storage-h2 - Added connection conn10: url=jdbc:h2:mem:refresh_test user=
[main] - 2026-09-09 23:57:48,163  INFO  com.zaxxer.hikari.HikariDataSource - chat-storage-h2 - Start completed.
[main] - 2026-09-09 23:57:48,164  INFO  c.a.c.s.p.SqlChatStorageProvider - [SQL] Initializing schema for H2 Database
[main] - 2026-09-09 23:57:48,166  INFO  c.a.c.s.p.SqlChatStorageProvider - [SQL] Schema initialized successfully for H2 Database
[main] - 2026-09-09 23:57:48,166  INFO  c.a.chat.storage.ChatStorageFactory - Refreshed provider for: H2 Database
[main] - 2026-09-09 23:57:48,166  INFO  c.a.chat.storage.ChatStorageFactory - Creating ChatStorageProvider for: H2 Database
[main] - 2026-09-09 23:57:48,166  INFO  c.a.chat.storage.ChatStorageFactory - [SQL] Using H2 Database: url=jdbc:h2:mem:refresh_test
[main] - 2026-09-09 23:57:48,166  INFO  c.a.c.s.p.SqlChatStorageProvider - [SQL] Creating DataSource for H2 Database: url=jdbc:h2:mem:refresh_test
[main] - 2026-09-09 23:57:48,166  INFO  com.zaxxer.hikari.HikariDataSource - chat-storage-h2 - Starting...
[main] - 2026-09-09 23:57:48,166  INFO  com.zaxxer.hikari.pool.HikariPool - chat-storage-h2 - Added connection conn11: url=jdbc:h2:mem:refresh_test user=
[main] - 2026-09-09 23:57:48,169  INFO  com.zaxxer.hikari.HikariDataSource - chat-storage-h2 - Start completed.
[main] - 2026-09-09 23:57:48,169  INFO  c.a.c.s.p.SqlChatStorageProvider - [SQL] Initializing schema for H2 Database
[main] - 2026-09-09 23:57:48,169  INFO  c.a.c.s.p.SqlChatStorageProvider - [SQL] Schema initialized successfully for H2 Database
[main] - 2026-09-09 23:57:48,169  INFO  c.a.chat.storage.ChatStorageFactory - Creating ChatStorageProvider for: Supabase
[main] - 2026-09-09 23:57:48,174  INFO  c.a.chat.storage.ChatStorageFactory - Creating ChatStorageProvider for: MySQL
[main] - 2026-09-09 23:57:48,174  INFO  c.a.chat.storage.ChatStorageFactory - [SQL] Using MySQL: url=jdbc:h2:mem:mysql_test
[main] - 2026-09-09 23:57:48,174  INFO  c.a.c.s.p.SqlChatStorageProvider - [SQL] Creating DataSource for MySQL: url=jdbc:h2:mem:mysql_test
[main] - 2026-09-09 23:57:48,176  INFO  com.zaxxer.hikari.HikariDataSource - chat-storage-mysql - Starting...
[main] - 2026-09-09 23:57:48,176  INFO  com.zaxxer.hikari.pool.HikariPool - chat-storage-mysql - Added connection conn12: url=jdbc:h2:mem:mysql_test user=
[main] - 2026-09-09 23:57:48,176  INFO  com.zaxxer.hikari.HikariDataSource - chat-storage-mysql - Start completed.
[main] - 2026-09-09 23:57:48,176  INFO  c.a.c.s.p.SqlChatStorageProvider - [SQL] Initializing schema for MySQL
[main] - 2026-09-09 23:57:48,181  INFO  c.a.c.s.p.SqlChatStorageProvider - [SQL] Schema initialized successfully for MySQL
[main] - 2026-09-09 23:57:48,184  INFO  c.a.chat.storage.ChatStorageFactory - Creating ChatStorageProvider for: Firebase Firestore
[main] - 2026-09-09 23:57:48,461  INFO  c.a.c.s.p.SqlChatStorageProvider - [SQL] Creating DataSource for H2 Database: url=jdbc:h2:mem:test_sql_eaeea7f8;DB_CLOSE_DELAY=-1
[main] - 2026-09-09 23:57:48,462  INFO  com.zaxxer.hikari.HikariDataSource - chat-storage-h2 - Starting...
[main] - 2026-09-09 23:57:48,467  INFO  com.zaxxer.hikari.pool.HikariPool - chat-storage-h2 - Added connection conn55: url=jdbc:h2:mem:test_sql_eaeea7f8 user=SA
[main] - 2026-09-09 23:57:48,467  INFO  com.zaxxer.hikari.HikariDataSource - chat-storage-h2 - Start completed.
[main] - 2026-09-09 23:57:48,467  INFO  c.a.c.s.p.SqlChatStorageProvider - [SQL] Initializing schema for H2 Database
[main] - 2026-09-09 23:57:48,471  INFO  c.a.c.s.p.SqlChatStorageProvider - [SQL] Schema initialized successfully for H2 Database
[main] - 2026-09-09 23:57:48,491  INFO  c.a.c.s.p.AbstractChatStorageProvider - [H2] Message saved: id=09721894-3844-4588-85ea-e2826bd9c7ba, conversation=conv1
[main] - 2026-09-09 23:57:48,493  INFO  c.a.c.s.p.AbstractChatStorageProvider - [H2] Message saved: id=6089a279-16e3-4fd9-87aa-36316e04af12, conversation=conv_pagination_eaeea7f8
[main] - 2026-09-09 23:57:48,495  INFO  c.a.c.s.p.AbstractChatStorageProvider - [H2] Message saved: id=4a08cbf1-b8b7-4127-8120-74b150105d96, conversation=conv_pagination_eaeea7f8
[main] - 2026-09-09 23:57:48,496  INFO  c.a.c.s.p.AbstractChatStorageProvider - [H2] Message saved: id=b2cb32b5-6ce3-4cc2-845d-b9aefff7f7f8, conversation=conv_pagination_eaeea7f8
[main] - 2026-09-09 23:57:48,497  INFO  c.a.c.s.p.AbstractChatStorageProvider - [H2] Message saved: id=f74e649d-c4b1-4ee4-b093-a32f9a7ba98a, conversation=conv_pagination_eaeea7f8
[main] - 2026-09-09 23:57:48,497  INFO  c.a.c.s.p.AbstractChatStorageProvider - [H2] Message saved: id=27c43300-5528-4054-b9dd-9b45cc2809a4, conversation=conv_pagination_eaeea7f8
[main] - 2026-09-09 23:57:48,497  INFO  c.a.c.s.p.AbstractChatStorageProvider - [H2] Message saved: id=783fe19e-3731-48ad-9c74-80cf0454c1c3, conversation=conv_pagination_eaeea7f8
[main] - 2026-09-09 23:57:48,500  INFO  c.a.c.s.p.AbstractChatStorageProvider - [H2] Message saved: id=d53d09db-5793-4f40-8f3a-e847c0fb1ead, conversation=conv_pagination_eaeea7f8
[main] - 2026-09-09 23:57:48,500  INFO  c.a.c.s.p.AbstractChatStorageProvider - [H2] Message saved: id=e2588b0d-4440-4d7d-80e6-bd35a7c929a4, conversation=conv_pagination_eaeea7f8
[main] - 2026-09-09 23:57:48,502  INFO  c.a.c.s.p.AbstractChatStorageProvider - [H2] Message saved: id=bd0323ad-a653-4367-9813-f510ecf3b3ad, conversation=conv_pagination_eaeea7f8
[main] - 2026-09-09 23:57:48,502  INFO  c.a.c.s.p.AbstractChatStorageProvider - [H2] Message saved: id=864bed07-15ef-4076-804a-40b8fab0bfb3, conversation=conv_pagination_eaeea7f8
[main] - 2026-09-09 23:57:48,533  INFO  c.a.c.s.p.AbstractChatStorageProvider - [H2] Conversation saved: id=10abe7f7-672b-4fce-8246-4aefe315ce32, users=u1_full/u2_full
[main] - 2026-09-09 23:57:48,533  INFO  c.a.c.s.p.AbstractChatStorageProvider - [H2] Message saved: id=375cfd46-bbcd-4b1a-81e5-318345208a64, conversation=conv_since_eaeea7f8
[main] - 2026-09-09 23:57:48,648  INFO  c.a.c.s.p.AbstractChatStorageProvider - [H2] Message saved: id=75f2bb58-fa5e-449e-b87c-f87ab81062d9, conversation=conv_since_eaeea7f8
[main] - 2026-09-09 23:57:48,652  INFO  c.a.c.s.p.AbstractChatStorageProvider - [H2] Message saved: id=2deaa09b-af05-4877-9e2a-26c1ad19f1d0, conversation=conv1
[main] - 2026-09-09 23:57:48,655  INFO  c.a.c.s.p.AbstractChatStorageProvider - [H2] Conversation saved: id=354e5df5-e365-4f37-b4d1-42c89f1619fc, users=del_u1/del_u2
[main] - 2026-09-09 23:57:48,659  INFO  c.a.c.s.p.AbstractChatStorageProvider - [H2] Conversation saved: id=d491590f-1126-4631-9479-7620262b94a1, users=u1/u2
[main] - 2026-09-09 23:57:48,665  INFO  c.a.c.s.p.AbstractChatStorageProvider - [H2] Message saved: id=5a6da261-461a-4dad-bcb7-1ce071d22bfd, conversation=conv_mark_read_eaeea7f8
[main] - 2026-09-09 23:57:48,670  INFO  c.a.c.s.p.AbstractChatStorageProvider - [H2] Message saved: id=a33ff26f-76aa-4c58-a6a3-9825ce88b655, conversation=conv1
[main] - 2026-09-09 23:57:48,673  INFO  c.a.c.s.p.AbstractChatStorageProvider - [H2] Message saved: id=2223c135-a52b-4f17-8c43-1be8f1481d23, conversation=meta_conv
[main] - 2026-09-09 23:57:48,685  INFO  c.a.c.s.p.AbstractChatStorageProvider - [H2] Conversation saved: id=7c8226c9-1346-45f0-8fb1-ebadc30339bf, users=block_u1/block_u2
[main] - 2026-09-09 23:57:48,696  INFO  c.a.c.s.p.AbstractChatStorageProvider - [H2] Message saved: id=9f5534b6-c511-4be0-acd3-40bb7a33d5aa, conversation=conv_status_eaeea7f8
[main] - 2026-09-09 23:57:48,698  INFO  c.a.c.s.p.AbstractChatStorageProvider - [H2] Message saved: id=8341a6f8-a734-4c2d-8cc9-77ec304fab8b, conversation=conv_unread_pair_eaeea7f8
[main] - 2026-09-09 23:57:48,701  INFO  c.a.c.s.p.AbstractChatStorageProvider - [H2] Message saved: id=84c9d7cb-ce80-4233-a5f7-cd96f8eec515, conversation=conv_unread_pair_eaeea7f8
[main] - 2026-09-09 23:57:48,704  INFO  c.a.c.s.p.AbstractChatStorageProvider - [H2] Message saved: id=4cc905c8-6f33-4c38-92a2-f9ce546dfdc9, conversation=conv_find_test_eaeea7f8
[main] - 2026-09-09 23:57:48,704  INFO  c.a.c.s.p.AbstractChatStorageProvider - [H2] Message saved: id=dcb4731e-a739-4198-ba64-0181cf9e955d, conversation=conv_find_test_eaeea7f8
[main] - 2026-09-09 23:57:48,704  INFO  c.a.c.s.p.AbstractChatStorageProvider - [H2] Message saved: id=0e2d7836-490e-4795-92e8-fe46d8478165, conversation=conv_find_test_eaeea7f8
[main] - 2026-09-09 23:57:48,704  INFO  c.a.c.s.p.AbstractChatStorageProvider - [H2] Message saved: id=bd97c7f1-ee22-47df-8523-405f849490a4, conversation=full_conv
[main] - 2026-09-09 23:57:48,713  INFO  c.a.c.s.p.AbstractChatStorageProvider - [H2] Conversation saved: id=e60dcc4a-84e3-41b7-8423-acc4c08d9f82, users=multi_u/other1
[main] - 2026-09-09 23:57:48,714  INFO  c.a.c.s.p.AbstractChatStorageProvider - [H2] Conversation saved: id=faf850e6-1349-4765-bce4-f5dad47c3134, users=multi_u/other2
[main] - 2026-09-09 23:57:48,714  INFO  c.a.c.s.p.AbstractChatStorageProvider - [H2] Conversation saved: id=b206e5df-0ac9-4006-9074-058e6c7b92ca, users=other3/other4
[main] - 2026-09-09 23:57:48,716  INFO  c.a.c.s.p.AbstractChatStorageProvider - [H2] Message saved: id=3420ae6f-0971-4fd0-8e32-cf6bed89b1ec, conversation=conv_delete_eaeea7f8
[main] - 2026-09-09 23:57:48,716  INFO  c.a.c.s.p.AbstractChatStorageProvider - [H2] Message saved: id=cd5dc73e-bc4f-4334-b6be-0fc0826b7cc0, conversation=conv1
[main] - 2026-09-09 23:57:48,716  INFO  c.a.c.s.p.AbstractChatStorageProvider - [H2] Message saved: id=cd5dc73e-bc4f-4334-b6be-0fc0826b7cc0, conversation=conv1
[main] - 2026-09-09 23:57:48,724  INFO  c.a.c.s.p.AbstractChatStorageProvider - [H2] Conversation saved: id=d6cadae1-d570-4e89-85b0-4e8d73460b89, users=user_a/user_b
[main] - 2026-09-09 23:57:48,726  INFO  c.a.c.s.p.AbstractChatStorageProvider - [H2] Message saved: id=67116097-5c0e-4f4e-aad6-337b9eba42f6, conversation=conv_unread_eaeea7f8
[main] - 2026-09-09 23:57:48,728  INFO  c.a.c.s.p.AbstractChatStorageProvider - [H2] Message saved: id=d1b9983c-c5ce-49ed-947c-5bac676cd6d8, conversation=conv_unread_eaeea7f8
[main] - 2026-09-09 23:57:48,728  INFO  c.a.c.s.p.AbstractChatStorageProvider - [H2] Message saved: id=944f353c-c3cb-4bd5-99b9-5ef9c2514ae2, conversation=conv_unread_eaeea7f8
[main] - 2026-09-09 23:57:48,730  INFO  c.a.c.s.p.AbstractChatStorageProvider - [H2] Conversation saved: id=fbe76b8a-ec37-41ab-8c75-a92175db20b5, users=find_u1/find_u2
[main] - 2026-09-09 23:57:48,736  INFO  c.a.c.s.p.AbstractChatStorageProvider - [H2] Conversation saved: id=8948aaa6-f3ea-4e56-a46f-9842d7dd30ef, users=u1_status/u2_status
[main] - 2026-09-09 23:59:46,203  INFO  c.a.chat.storage.ChatStorageFactory - Creating ChatStorageProvider for: H2 Database
[main] - 2026-09-09 23:59:46,209  INFO  c.a.chat.storage.ChatStorageFactory - [SQL] Using H2 Database: url=jdbc:h2:mem:health_test
[main] - 2026-09-09 23:59:46,220  INFO  c.a.c.s.p.SqlChatStorageProvider - [SQL] Creating DataSource for H2 Database: url=jdbc:h2:mem:health_test
[main] - 2026-09-09 23:59:46,220  INFO  com.zaxxer.hikari.HikariDataSource - chat-storage-h2 - Starting...
[main] - 2026-09-09 23:59:46,606  INFO  com.zaxxer.hikari.pool.HikariPool - chat-storage-h2 - Added connection conn0: url=jdbc:h2:mem:health_test user=
[main] - 2026-09-09 23:59:46,617  INFO  com.zaxxer.hikari.HikariDataSource - chat-storage-h2 - Start completed.
[main] - 2026-09-09 23:59:46,617  INFO  c.a.c.s.p.SqlChatStorageProvider - [SQL] Initializing schema for H2 Database
[main] - 2026-09-09 23:59:46,644  INFO  c.a.c.s.p.SqlChatStorageProvider - [SQL] Schema initialized successfully for H2 Database
[main] - 2026-09-09 23:59:46,679  INFO  c.a.chat.storage.ChatStorageFactory - Creating ChatStorageProvider for: H2 Database
[main] - 2026-09-09 23:59:46,679  INFO  c.a.chat.storage.ChatStorageFactory - [SQL] Using H2 Database: url=jdbc:h2:mem:test_factory
[main] - 2026-09-09 23:59:46,680  INFO  c.a.c.s.p.SqlChatStorageProvider - [SQL] Creating DataSource for H2 Database: url=jdbc:h2:mem:test_factory
[main] - 2026-09-09 23:59:46,680  INFO  com.zaxxer.hikari.HikariDataSource - chat-storage-h2 - Starting...
[main] - 2026-09-09 23:59:46,682  INFO  com.zaxxer.hikari.pool.HikariPool - chat-storage-h2 - Added connection conn1: url=jdbc:h2:mem:test_factory user=
[main] - 2026-09-09 23:59:46,682  INFO  com.zaxxer.hikari.HikariDataSource - chat-storage-h2 - Start completed.
[main] - 2026-09-09 23:59:46,684  INFO  c.a.c.s.p.SqlChatStorageProvider - [SQL] Initializing schema for H2 Database
[main] - 2026-09-09 23:59:46,689  INFO  c.a.c.s.p.SqlChatStorageProvider - [SQL] Schema initialized successfully for H2 Database
[main] - 2026-09-09 23:59:46,692  INFO  c.a.chat.storage.ChatStorageFactory - Creating ChatStorageProvider for: H2 Database
[main] - 2026-09-09 23:59:46,695  INFO  c.a.chat.storage.ChatStorageFactory - [SQL] Using H2 Database: url=jdbc:h2:mem:default_type_test
[main] - 2026-09-09 23:59:46,695  INFO  c.a.c.s.p.SqlChatStorageProvider - [SQL] Creating DataSource for H2 Database: url=jdbc:h2:mem:default_type_test
[main] - 2026-09-09 23:59:46,695  INFO  com.zaxxer.hikari.HikariDataSource - chat-storage-h2 - Starting...
[main] - 2026-09-09 23:59:46,697  INFO  com.zaxxer.hikari.pool.HikariPool - chat-storage-h2 - Added connection conn2: url=jdbc:h2:mem:default_type_test user=
[main] - 2026-09-09 23:59:46,697  INFO  com.zaxxer.hikari.HikariDataSource - chat-storage-h2 - Start completed.
[main] - 2026-09-09 23:59:46,697  INFO  c.a.c.s.p.SqlChatStorageProvider - [SQL] Initializing schema for H2 Database
[main] - 2026-09-09 23:59:46,702  INFO  c.a.c.s.p.SqlChatStorageProvider - [SQL] Schema initialized successfully for H2 Database
[main] - 2026-09-09 23:59:46,705  INFO  c.a.chat.storage.ChatStorageFactory - Creating ChatStorageProvider for: H2 Database
[main] - 2026-09-09 23:59:46,705  INFO  c.a.chat.storage.ChatStorageFactory - [SQL] Using H2 Database: url=jdbc:h2:mem:cache_type_test
[main] - 2026-09-09 23:59:46,705  INFO  c.a.c.s.p.SqlChatStorageProvider - [SQL] Creating DataSource for H2 Database: url=jdbc:h2:mem:cache_type_test
[main] - 2026-09-09 23:59:46,705  INFO  com.zaxxer.hikari.HikariDataSource - chat-storage-h2 - Starting...
[main] - 2026-09-09 23:59:46,707  INFO  com.zaxxer.hikari.pool.HikariPool - chat-storage-h2 - Added connection conn3: url=jdbc:h2:mem:cache_type_test user=
[main] - 2026-09-09 23:59:46,707  INFO  com.zaxxer.hikari.HikariDataSource - chat-storage-h2 - Start completed.
[main] - 2026-09-09 23:59:46,707  INFO  c.a.c.s.p.SqlChatStorageProvider - [SQL] Initializing schema for H2 Database
[main] - 2026-09-09 23:59:46,710  INFO  c.a.c.s.p.SqlChatStorageProvider - [SQL] Schema initialized successfully for H2 Database
[main] - 2026-09-09 23:59:46,716  INFO  c.a.chat.storage.ChatStorageFactory - Creating ChatStorageProvider for: H2 Database
[main] - 2026-09-09 23:59:46,717  INFO  c.a.chat.storage.ChatStorageFactory - [SQL] Using H2 Database: url=jdbc:h2:mem:cache_test
[main] - 2026-09-09 23:59:46,718  INFO  c.a.c.s.p.SqlChatStorageProvider - [SQL] Creating DataSource for H2 Database: url=jdbc:h2:mem:cache_test
[main] - 2026-09-09 23:59:46,718  INFO  com.zaxxer.hikari.HikariDataSource - chat-storage-h2 - Starting...
[main] - 2026-09-09 23:59:46,718  INFO  com.zaxxer.hikari.pool.HikariPool - chat-storage-h2 - Added connection conn5: url=jdbc:h2:mem:cache_test user=
[main] - 2026-09-09 23:59:46,721  INFO  com.zaxxer.hikari.HikariDataSource - chat-storage-h2 - Start completed.
[main] - 2026-09-09 23:59:46,721  INFO  c.a.c.s.p.SqlChatStorageProvider - [SQL] Initializing schema for H2 Database
[main] - 2026-09-09 23:59:46,726  INFO  c.a.c.s.p.SqlChatStorageProvider - [SQL] Schema initialized successfully for H2 Database
[main] - 2026-09-09 23:59:46,730  INFO  c.a.chat.storage.ChatStorageFactory - Creating ChatStorageProvider for: Supabase
[main] - 2026-09-09 23:59:46,732  INFO  c.a.chat.storage.ChatStorageFactory - Creating ChatStorageProvider for: MySQL
[main] - 2026-09-09 23:59:46,734  INFO  c.a.chat.storage.ChatStorageFactory - Creating ChatStorageProvider for: H2 Database
[main] - 2026-09-09 23:59:46,736  INFO  c.a.chat.storage.ChatStorageFactory - [SQL] Using H2 Database: url=jdbc:h2:mem:desc_test
[main] - 2026-09-09 23:59:46,736  INFO  c.a.c.s.p.SqlChatStorageProvider - [SQL] Creating DataSource for H2 Database: url=jdbc:h2:mem:desc_test
[main] - 2026-09-09 23:59:46,736  INFO  com.zaxxer.hikari.HikariDataSource - chat-storage-h2 - Starting...
[main] - 2026-09-09 23:59:46,738  INFO  com.zaxxer.hikari.pool.HikariPool - chat-storage-h2 - Added connection conn6: url=jdbc:h2:mem:desc_test user=
[main] - 2026-09-09 23:59:46,738  INFO  com.zaxxer.hikari.HikariDataSource - chat-storage-h2 - Start completed.
[main] - 2026-09-09 23:59:46,738  INFO  c.a.c.s.p.SqlChatStorageProvider - [SQL] Initializing schema for H2 Database
[main] - 2026-09-09 23:59:46,742  INFO  c.a.c.s.p.SqlChatStorageProvider - [SQL] Schema initialized successfully for H2 Database
[main] - 2026-09-09 23:59:46,744  INFO  c.a.chat.storage.ChatStorageFactory - Creating ChatStorageProvider for: PostgreSQL
[main] - 2026-09-09 23:59:46,750  INFO  c.a.chat.storage.ChatStorageFactory - Creating ChatStorageProvider for: Supabase
[main] - 2026-09-09 23:59:46,751  INFO  c.a.chat.storage.ChatStorageFactory - Creating ChatStorageProvider for: Firebase Firestore
[main] - 2026-09-09 23:59:46,753  INFO  c.a.chat.storage.ChatStorageFactory - Creating ChatStorageProvider for: MySQL
[main] - 2026-09-09 23:59:46,753  INFO  c.a.chat.storage.ChatStorageFactory - [SQL] Using MySQL: url=jdbc:h2:mem:desc_mysql
[main] - 2026-09-09 23:59:46,753  INFO  c.a.c.s.p.SqlChatStorageProvider - [SQL] Creating DataSource for MySQL: url=jdbc:h2:mem:desc_mysql
[main] - 2026-09-09 23:59:46,756  INFO  com.zaxxer.hikari.HikariDataSource - chat-storage-mysql - Starting...
[main] - 2026-09-09 23:59:46,758  INFO  com.zaxxer.hikari.pool.HikariPool - chat-storage-mysql - Added connection conn8: url=jdbc:h2:mem:desc_mysql user=
[main] - 2026-09-09 23:59:46,758  INFO  com.zaxxer.hikari.HikariDataSource - chat-storage-mysql - Start completed.
[main] - 2026-09-09 23:59:46,758  INFO  c.a.c.s.p.SqlChatStorageProvider - [SQL] Initializing schema for MySQL
[main] - 2026-09-09 23:59:46,758  INFO  c.a.c.s.p.SqlChatStorageProvider - [SQL] Schema initialized successfully for MySQL
[main] - 2026-09-09 23:59:46,764  INFO  c.a.chat.storage.ChatStorageFactory - Creating ChatStorageProvider for: PostgreSQL
[main] - 2026-09-09 23:59:46,764  INFO  c.a.chat.storage.ChatStorageFactory - [SQL] Using PostgreSQL: url=jdbc:h2:mem:pg_test
[main] - 2026-09-09 23:59:46,764  INFO  c.a.c.s.p.SqlChatStorageProvider - [SQL] Creating DataSource for PostgreSQL: url=jdbc:h2:mem:pg_test
[main] - 2026-09-09 23:59:46,764  INFO  com.zaxxer.hikari.HikariDataSource - chat-storage-postgresql - Starting...
[main] - 2026-09-09 23:59:46,766  INFO  com.zaxxer.hikari.pool.HikariPool - chat-storage-postgresql - Added connection conn9: url=jdbc:h2:mem:pg_test user=
[main] - 2026-09-09 23:59:46,767  INFO  com.zaxxer.hikari.HikariDataSource - chat-storage-postgresql - Start completed.
[main] - 2026-09-09 23:59:46,767  INFO  c.a.c.s.p.SqlChatStorageProvider - [SQL] Initializing schema for PostgreSQL
[main] - 2026-09-09 23:59:46,768  INFO  c.a.c.s.p.SqlChatStorageProvider - [SQL] Schema initialized successfully for PostgreSQL
[main] - 2026-09-09 23:59:46,768  INFO  c.a.chat.storage.ChatStorageFactory - Creating ChatStorageProvider for: MongoDB
[main] - 2026-09-09 23:59:46,775  INFO  c.a.chat.storage.ChatStorageFactory - Creating ChatStorageProvider for: Supabase
[main] - 2026-09-09 23:59:46,777  INFO  c.a.chat.storage.ChatStorageFactory - Creating ChatStorageProvider for: H2 Database
[main] - 2026-09-09 23:59:46,777  INFO  c.a.chat.storage.ChatStorageFactory - [SQL] Using H2 Database: url=jdbc:h2:mem:refresh_test
[main] - 2026-09-09 23:59:46,777  INFO  c.a.c.s.p.SqlChatStorageProvider - [SQL] Creating DataSource for H2 Database: url=jdbc:h2:mem:refresh_test
[main] - 2026-09-09 23:59:46,777  INFO  com.zaxxer.hikari.HikariDataSource - chat-storage-h2 - Starting...
[main] - 2026-09-09 23:59:46,779  INFO  com.zaxxer.hikari.pool.HikariPool - chat-storage-h2 - Added connection conn10: url=jdbc:h2:mem:refresh_test user=
[main] - 2026-09-09 23:59:46,779  INFO  com.zaxxer.hikari.HikariDataSource - chat-storage-h2 - Start completed.
[main] - 2026-09-09 23:59:46,779  INFO  c.a.c.s.p.SqlChatStorageProvider - [SQL] Initializing schema for H2 Database
[main] - 2026-09-09 23:59:46,785  INFO  c.a.c.s.p.SqlChatStorageProvider - [SQL] Schema initialized successfully for H2 Database
[main] - 2026-09-09 23:59:46,785  INFO  c.a.chat.storage.ChatStorageFactory - Refreshed provider for: H2 Database
[main] - 2026-09-09 23:59:46,785  INFO  c.a.chat.storage.ChatStorageFactory - Creating ChatStorageProvider for: H2 Database
[main] - 2026-09-09 23:59:46,785  INFO  c.a.chat.storage.ChatStorageFactory - [SQL] Using H2 Database: url=jdbc:h2:mem:refresh_test
[main] - 2026-09-09 23:59:46,785  INFO  c.a.c.s.p.SqlChatStorageProvider - [SQL] Creating DataSource for H2 Database: url=jdbc:h2:mem:refresh_test
[main] - 2026-09-09 23:59:46,785  INFO  com.zaxxer.hikari.HikariDataSource - chat-storage-h2 - Starting...
[main] - 2026-09-09 23:59:46,787  INFO  com.zaxxer.hikari.pool.HikariPool - chat-storage-h2 - Added connection conn13: url=jdbc:h2:mem:refresh_test user=
[main] - 2026-09-09 23:59:46,787  INFO  com.zaxxer.hikari.HikariDataSource - chat-storage-h2 - Start completed.
[main] - 2026-09-09 23:59:46,787  INFO  c.a.c.s.p.SqlChatStorageProvider - [SQL] Initializing schema for H2 Database
[main] - 2026-09-09 23:59:46,789  INFO  c.a.c.s.p.SqlChatStorageProvider - [SQL] Schema initialized successfully for H2 Database
[main] - 2026-09-09 23:59:46,789  INFO  c.a.chat.storage.ChatStorageFactory - Creating ChatStorageProvider for: Supabase
[main] - 2026-09-09 23:59:46,789  INFO  c.a.chat.storage.ChatStorageFactory - Creating ChatStorageProvider for: MySQL
[main] - 2026-09-09 23:59:46,789  INFO  c.a.chat.storage.ChatStorageFactory - [SQL] Using MySQL: url=jdbc:h2:mem:mysql_test
[main] - 2026-09-09 23:59:46,789  INFO  c.a.c.s.p.SqlChatStorageProvider - [SQL] Creating DataSource for MySQL: url=jdbc:h2:mem:mysql_test
[main] - 2026-09-09 23:59:46,789  INFO  com.zaxxer.hikari.HikariDataSource - chat-storage-mysql - Starting...
[main] - 2026-09-09 23:59:46,796  INFO  com.zaxxer.hikari.pool.HikariPool - chat-storage-mysql - Added connection conn14: url=jdbc:h2:mem:mysql_test user=
[main] - 2026-09-09 23:59:46,796  INFO  com.zaxxer.hikari.HikariDataSource - chat-storage-mysql - Start completed.
[main] - 2026-09-09 23:59:46,796  INFO  c.a.c.s.p.SqlChatStorageProvider - [SQL] Initializing schema for MySQL
[main] - 2026-09-09 23:59:46,799  INFO  c.a.c.s.p.SqlChatStorageProvider - [SQL] Schema initialized successfully for MySQL
[main] - 2026-09-09 23:59:46,802  INFO  c.a.chat.storage.ChatStorageFactory - Creating ChatStorageProvider for: Firebase Firestore
[main] - 2026-09-09 23:59:47,068  INFO  c.a.c.s.p.SqlChatStorageProvider - [SQL] Creating DataSource for H2 Database: url=jdbc:h2:mem:test_sql_33e76e65;DB_CLOSE_DELAY=-1
[main] - 2026-09-09 23:59:47,069  INFO  com.zaxxer.hikari.HikariDataSource - chat-storage-h2 - Starting...
[main] - 2026-09-09 23:59:47,073  INFO  com.zaxxer.hikari.pool.HikariPool - chat-storage-h2 - Added connection conn55: url=jdbc:h2:mem:test_sql_33e76e65 user=SA
[main] - 2026-09-09 23:59:47,073  INFO  com.zaxxer.hikari.HikariDataSource - chat-storage-h2 - Start completed.
[main] - 2026-09-09 23:59:47,073  INFO  c.a.c.s.p.SqlChatStorageProvider - [SQL] Initializing schema for H2 Database
[main] - 2026-09-09 23:59:47,075  INFO  c.a.c.s.p.SqlChatStorageProvider - [SQL] Schema initialized successfully for H2 Database
[main] - 2026-09-09 23:59:47,099  INFO  c.a.c.s.p.AbstractChatStorageProvider - [H2] Message saved: id=bf4d104f-6d68-4346-a7b5-7ec91af912fd, conversation=conv1
[main] - 2026-09-09 23:59:47,102  INFO  c.a.c.s.p.AbstractChatStorageProvider - [H2] Message saved: id=38260da1-e92a-4de4-b513-28c635838cf9, conversation=conv_pagination_33e76e65
[main] - 2026-09-09 23:59:47,102  INFO  c.a.c.s.p.AbstractChatStorageProvider - [H2] Message saved: id=5dac0d8e-dc59-4d3d-b90c-f3b9aadcfea1, conversation=conv_pagination_33e76e65
[main] - 2026-09-09 23:59:47,102  INFO  c.a.c.s.p.AbstractChatStorageProvider - [H2] Message saved: id=7c0c2772-388e-4a14-8eab-150897ad5e8f, conversation=conv_pagination_33e76e65
[main] - 2026-09-09 23:59:47,105  INFO  c.a.c.s.p.AbstractChatStorageProvider - [H2] Message saved: id=bccca7f3-3ba8-4d99-9d57-f2bec9f32bcf, conversation=conv_pagination_33e76e65
[main] - 2026-09-09 23:59:47,106  INFO  c.a.c.s.p.AbstractChatStorageProvider - [H2] Message saved: id=5f5ee7bf-fcec-4442-8604-a4bbb7b987ef, conversation=conv_pagination_33e76e65
[main] - 2026-09-09 23:59:47,106  INFO  c.a.c.s.p.AbstractChatStorageProvider - [H2] Message saved: id=9ae9ac73-e30e-4cfc-9246-fe95e5b8ab2b, conversation=conv_pagination_33e76e65
[main] - 2026-09-09 23:59:47,108  INFO  c.a.c.s.p.AbstractChatStorageProvider - [H2] Message saved: id=1c599863-848f-47cb-b5c4-fd27fbb44bd7, conversation=conv_pagination_33e76e65
[main] - 2026-09-09 23:59:47,108  INFO  c.a.c.s.p.AbstractChatStorageProvider - [H2] Message saved: id=d9f27593-16d1-4cbb-8875-16d904cf6881, conversation=conv_pagination_33e76e65
[main] - 2026-09-09 23:59:47,108  INFO  c.a.c.s.p.AbstractChatStorageProvider - [H2] Message saved: id=b5633bf1-3edf-4c2b-95f5-0bdb1cf345f1, conversation=conv_pagination_33e76e65
[main] - 2026-09-09 23:59:47,108  INFO  c.a.c.s.p.AbstractChatStorageProvider - [H2] Message saved: id=fbd62da2-6e53-469e-80bf-e4acf1d491aa, conversation=conv_pagination_33e76e65
[main] - 2026-09-09 23:59:47,151  INFO  c.a.c.s.p.AbstractChatStorageProvider - [H2] Conversation saved: id=2bb1c151-b07f-4f4a-8eaa-95c94a796b54, users=u1_full/u2_full
[main] - 2026-09-09 23:59:47,157  INFO  c.a.c.s.p.AbstractChatStorageProvider - [H2] Message saved: id=2cbc8376-31af-4e4d-a5d1-4219af7176fa, conversation=conv_since_33e76e65
[main] - 2026-09-09 23:59:47,268  INFO  c.a.c.s.p.AbstractChatStorageProvider - [H2] Message saved: id=68f4c2c3-57e2-4310-a63e-8f254bc64b9a, conversation=conv_since_33e76e65
[main] - 2026-09-09 23:59:47,268  INFO  c.a.c.s.p.AbstractChatStorageProvider - [H2] Message saved: id=71b6eebc-7db9-4ad6-9d4f-a98430d1f0a8, conversation=conv1
[main] - 2026-09-09 23:59:47,274  INFO  c.a.c.s.p.AbstractChatStorageProvider - [H2] Conversation saved: id=56bab098-d97e-4dcb-97be-b2ce4c40576d, users=del_u1/del_u2
[main] - 2026-09-09 23:59:47,276  INFO  c.a.c.s.p.AbstractChatStorageProvider - [H2] Conversation saved: id=17d189ea-4d0b-4836-bc5d-81ffbb14e1d3, users=u1/u2
[main] - 2026-09-09 23:59:47,287  INFO  c.a.c.s.p.AbstractChatStorageProvider - [H2] Message saved: id=d5b7f5a7-fdaa-4516-a737-60369919e5ad, conversation=conv_mark_read_33e76e65
[main] - 2026-09-09 23:59:47,287  INFO  c.a.c.s.p.AbstractChatStorageProvider - [H2] Message saved: id=6ce0a9bd-ee8c-4e23-8d93-0550ff148941, conversation=conv1
[main] - 2026-09-09 23:59:47,299  INFO  c.a.c.s.p.AbstractChatStorageProvider - [H2] Message saved: id=92b1472c-701a-4b60-8a99-b8c7168166e8, conversation=meta_conv
[main] - 2026-09-09 23:59:47,304  INFO  c.a.c.s.p.AbstractChatStorageProvider - [H2] Conversation saved: id=60012497-eff6-43a6-88b1-ca4a519adcb1, users=block_u1/block_u2
[main] - 2026-09-09 23:59:47,308  INFO  c.a.c.s.p.AbstractChatStorageProvider - [H2] Message saved: id=079764fa-b9b3-4251-9580-adb546087a6a, conversation=conv_status_33e76e65
[main] - 2026-09-09 23:59:47,308  INFO  c.a.c.s.p.AbstractChatStorageProvider - [H2] Message saved: id=4de71af4-9d69-4c99-97e9-f760d09c63c8, conversation=conv_unread_pair_33e76e65
[main] - 2026-09-09 23:59:47,314  INFO  c.a.c.s.p.AbstractChatStorageProvider - [H2] Message saved: id=4895ad91-7bde-44cc-ad62-409c9082b88d, conversation=conv_unread_pair_33e76e65
[main] - 2026-09-09 23:59:47,319  INFO  c.a.c.s.p.AbstractChatStorageProvider - [H2] Message saved: id=d3d0b07b-680b-48b0-8502-364865577e10, conversation=conv_find_test_33e76e65
[main] - 2026-09-09 23:59:47,319  INFO  c.a.c.s.p.AbstractChatStorageProvider - [H2] Message saved: id=fe1eb49c-a9d5-46bb-ba03-2a2149bd1b57, conversation=conv_find_test_33e76e65
[main] - 2026-09-09 23:59:47,319  INFO  c.a.c.s.p.AbstractChatStorageProvider - [H2] Message saved: id=bf9f6bc1-2f36-4474-abc5-0e3727a4a787, conversation=conv_find_test_33e76e65
[main] - 2026-09-09 23:59:47,319  INFO  c.a.c.s.p.AbstractChatStorageProvider - [H2] Message saved: id=93f4dd18-4ea7-40d3-acfd-d648065137d5, conversation=full_conv
[main] - 2026-09-09 23:59:47,325  INFO  c.a.c.s.p.AbstractChatStorageProvider - [H2] Conversation saved: id=3448d460-0c53-4d7a-a0ff-bcda393ff7f8, users=multi_u/other1
[main] - 2026-09-09 23:59:47,325  INFO  c.a.c.s.p.AbstractChatStorageProvider - [H2] Conversation saved: id=b86380d3-6d5b-4f85-99ee-a1ae0e43d81e, users=multi_u/other2
[main] - 2026-09-09 23:59:47,325  INFO  c.a.c.s.p.AbstractChatStorageProvider - [H2] Conversation saved: id=3541138d-4fba-47b7-83ca-8a11c239bf32, users=other3/other4
[main] - 2026-09-09 23:59:47,329  INFO  c.a.c.s.p.AbstractChatStorageProvider - [H2] Message saved: id=9e21d471-2ae4-402c-8dce-5a3c5ee55a4f, conversation=conv_delete_33e76e65
[main] - 2026-09-09 23:59:47,335  INFO  c.a.c.s.p.AbstractChatStorageProvider - [H2] Message saved: id=dce197c5-9cf4-4d7f-99d8-8eebf98592ce, conversation=conv1
[main] - 2026-09-09 23:59:47,337  INFO  c.a.c.s.p.AbstractChatStorageProvider - [H2] Message saved: id=dce197c5-9cf4-4d7f-99d8-8eebf98592ce, conversation=conv1
[main] - 2026-09-09 23:59:47,337  INFO  c.a.c.s.p.AbstractChatStorageProvider - [H2] Conversation saved: id=f5e98cb9-fb62-439c-80b7-622f3d93539c, users=user_a/user_b
[main] - 2026-09-09 23:59:47,340  INFO  c.a.c.s.p.AbstractChatStorageProvider - [H2] Message saved: id=2e540a99-72db-4335-b30a-3b68cc70eda7, conversation=conv_unread_33e76e65
[main] - 2026-09-09 23:59:47,340  INFO  c.a.c.s.p.AbstractChatStorageProvider - [H2] Message saved: id=ed3e3e04-1381-4371-89ee-e06453b883ca, conversation=conv_unread_33e76e65
[main] - 2026-09-09 23:59:47,340  INFO  c.a.c.s.p.AbstractChatStorageProvider - [H2] Message saved: id=f4ba44f2-1182-4903-891e-c341901c091b, conversation=conv_unread_33e76e65
[main] - 2026-09-09 23:59:47,347  INFO  c.a.c.s.p.AbstractChatStorageProvider - [H2] Conversation saved: id=acce2536-44ee-4974-baec-8ac853109fe8, users=find_u1/find_u2
[main] - 2026-09-09 23:59:47,351  INFO  c.a.c.s.p.AbstractChatStorageProvider - [H2] Conversation saved: id=c7bd4b38-3ee6-4f26-84a3-d59514a9355f, users=u1_status/u2_status
